class,api_kind,api_name,selector_arity,expected_dsl,canonical,readonly,class_member,sdk_file,sdk_line,declaration
UIView,property,layerClass,,byLayerClass,layerclass,YES,YES,System/Library/Frameworks/UIKit.framework/Headers/UIView.h,150,"@property(class, nonatomic, readonly) Class layerClass;"
UIView,property,userInteractionEnabled,,byUserInteractionEnabled,userinteractionenabled,NO,NO,System/Library/Frameworks/UIKit.framework/Headers/UIView.h,156,"@property(nonatomic,getter=isUserInteractionEnabled) BOOL userInteractionEnabled;"
UIView,property,tag,,byTag,tag,NO,NO,System/Library/Frameworks/UIKit.framework/Headers/UIView.h,157,@property(nonatomic) NSInteger tag;
UIView,property,layer,,byLayer,layer,YES,NO,System/Library/Frameworks/UIKit.framework/Headers/UIView.h,158,"@property(nonatomic,readonly,strong) CALayer *layer;"
UIView,property,canBecomeFocused,,byCanBecomeFocused,canbecomefocused,YES,NO,System/Library/Frameworks/UIKit.framework/Headers/UIView.h,160,"@property(nonatomic,readonly) BOOL canBecomeFocused API_AVAILABLE(ios(9.0));"
UIView,property,focused,,byFocused,focused,YES,NO,System/Library/Frameworks/UIKit.framework/Headers/UIView.h,161,"@property (readonly, nonatomic, getter=isFocused) BOOL focused API_AVAILABLE(ios(9.0));"
UIView,property,focusGroupIdentifier,,byFocusGroupIdentifier,focusgroupidentifier,NO,NO,System/Library/Frameworks/UIKit.framework/Headers/UIView.h,164,"@property (nonatomic, readwrite, nullable, copy) NSString *focusGroupIdentifier API_AVAILABLE(ios(14.0)) API_UNAVAILABLE(tvos, watchos);"
UIView,property,focusGroupPriority,,byFocusGroupPriority,focusgrouppriority,NO,NO,System/Library/Frameworks/UIKit.framework/Headers/UIView.h,168,"@property (nonatomic, readwrite) UIFocusGroupPriority focusGroupPriority API_AVAILABLE(ios(15.0)) API_UNAVAILABLE(tvos, watchos);"
UIView,property,focusEffect,,byFocusEffect,focuseffect,NO,NO,System/Library/Frameworks/UIKit.framework/Headers/UIView.h,171,"@property (nonatomic, readwrite, nullable, copy) UIFocusEffect *focusEffect API_AVAILABLE(ios(15.0)) API_UNAVAILABLE(tvos, watchos);"
UIView,property,semanticContentAttribute,,bySemanticContentAttribute,semanticcontentattribute,NO,NO,System/Library/Frameworks/UIKit.framework/Headers/UIView.h,173,@property (nonatomic) UISemanticContentAttribute semanticContentAttribute API_AVAILABLE(ios(9.0));
UIView,class_method,userInterfaceLayoutDirectionForSemanticContentAttribute,1,byUserInterfaceLayoutDirectionForSemanticContentAttribute,userinterfacelayoutdirectionforsemanticcontentattribute,,YES,System/Library/Frameworks/UIKit.framework/Headers/UIView.h,176,+ (UIUserInterfaceLayoutDirection)userInterfaceLayoutDirectionForSemanticContentAttribute:(UISemanticContentAttribute)attribute API_AVAILABLE(ios(9.0));
UIView,property,effectiveUserInterfaceLayoutDirection,,byEffectiveUserInterfaceLayoutDirection,effectiveuserinterfacelayoutdirection,YES,NO,System/Library/Frameworks/UIKit.framework/Headers/UIView.h,182,"@property (readonly, nonatomic) UIUserInterfaceLayoutDirection effectiveUserInterfaceLayoutDirection API_AVAILABLE(ios(10.0)) API_UNAVAILABLE(watchos);"
UIView,property,frame,,byFrame,frame,NO,NO,System/Library/Frameworks/UIKit.framework/Headers/UIView.h,189,@property(nonatomic) CGRect frame;
UIView,property,bounds,,byBounds,bounds,NO,NO,System/Library/Frameworks/UIKit.framework/Headers/UIView.h,192,@property(nonatomic) CGRect bounds;
UIView,property,center,,byCenter,center,NO,NO,System/Library/Frameworks/UIKit.framework/Headers/UIView.h,193,@property(nonatomic) CGPoint center;
UIView,property,transform,,byTransform,transform,NO,NO,System/Library/Frameworks/UIKit.framework/Headers/UIView.h,194,@property(nonatomic) CGAffineTransform transform;
UIView,property,transform3D,,byTransform3D,transform3d,NO,NO,System/Library/Frameworks/UIKit.framework/Headers/UIView.h,195,"@property(nonatomic) CATransform3D transform3D API_AVAILABLE(ios(13.0), tvos(13.0)) API_UNAVAILABLE(watchos);"
UIView,property,contentScaleFactor,,byContentScaleFactor,contentscalefactor,NO,NO,System/Library/Frameworks/UIKit.framework/Headers/UIView.h,196,@property(nonatomic) CGFloat contentScaleFactor API_AVAILABLE(ios(4.0));
UIView,property,anchorPoint,,byAnchorPoint,anchorpoint,NO,NO,System/Library/Frameworks/UIKit.framework/Headers/UIView.h,199,@property(nonatomic) CGPoint anchorPoint API_AVAILABLE(ios(16.0)) API_UNAVAILABLE(watchos);
UIView,property,multipleTouchEnabled,,byMultipleTouchEnabled,multipletouchenabled,NO,NO,System/Library/Frameworks/UIKit.framework/Headers/UIView.h,201,"@property(nonatomic,getter=isMultipleTouchEnabled) BOOL multipleTouchEnabled API_UNAVAILABLE(tvos);"
UIView,property,exclusiveTouch,,byExclusiveTouch,exclusivetouch,NO,NO,System/Library/Frameworks/UIKit.framework/Headers/UIView.h,202,"@property(nonatomic,getter=isExclusiveTouch) BOOL exclusiveTouch API_UNAVAILABLE(tvos);"
UIView,property,autoresizesSubviews,,byAutoresizesSubviews,autoresizessubviews,NO,NO,System/Library/Frameworks/UIKit.framework/Headers/UIView.h,212,@property(nonatomic) BOOL autoresizesSubviews;
UIView,property,autoresizingMask,,byAutoresizingMask,autoresizingmask,NO,NO,System/Library/Frameworks/UIKit.framework/Headers/UIView.h,213,@property(nonatomic) UIViewAutoresizing autoresizingMask;
UIView,instance_method,sizeThatFits,1,bySizeThatFits,sizethatfits,,NO,System/Library/Frameworks/UIKit.framework/Headers/UIView.h,215,- (CGSize)sizeThatFits:(CGSize)size;
UIView,instance_method,sizeToFit,0,bySizeToFit,sizetofit,,NO,System/Library/Frameworks/UIKit.framework/Headers/UIView.h,216,- (void)sizeToFit;
UIView,property,superview,,bySuperview,superview,YES,NO,System/Library/Frameworks/UIKit.framework/Headers/UIView.h,222,"@property(nullable, nonatomic,readonly) UIView *superview;"
UIView,property,subviews,,bySubviews,subviews,YES,NO,System/Library/Frameworks/UIKit.framework/Headers/UIView.h,223,"@property(nonatomic,readonly,copy) NSArray<__kindof UIView *> *subviews;"
UIView,property,window,,byWindow,window,YES,NO,System/Library/Frameworks/UIKit.framework/Headers/UIView.h,224,"@property(nullable, nonatomic,readonly) UIWindow *window;"
UIView,instance_method,removeFromSuperview,0,byRemoveFromSuperview,removefromsuperview,,NO,System/Library/Frameworks/UIKit.framework/Headers/UIView.h,226,- (void)removeFromSuperview;
UIView,instance_method,addSubview,1,byAddSubview,addsubview,,NO,System/Library/Frameworks/UIKit.framework/Headers/UIView.h,230,- (void)addSubview:(UIView *)view;
UIView,instance_method,bringSubviewToFront,1,byBringSubviewToFront,bringsubviewtofront,,NO,System/Library/Frameworks/UIKit.framework/Headers/UIView.h,234,- (void)bringSubviewToFront:(UIView *)view;
UIView,instance_method,sendSubviewToBack,1,bySendSubviewToBack,sendsubviewtoback,,NO,System/Library/Frameworks/UIKit.framework/Headers/UIView.h,235,- (void)sendSubviewToBack:(UIView *)view;
UIView,instance_method,didAddSubview,1,byDidAddSubview,didaddsubview,,NO,System/Library/Frameworks/UIKit.framework/Headers/UIView.h,237,- (void)didAddSubview:(UIView *)subview;
UIView,instance_method,willRemoveSubview,1,byWillRemoveSubview,willremovesubview,,NO,System/Library/Frameworks/UIKit.framework/Headers/UIView.h,238,- (void)willRemoveSubview:(UIView *)subview;
UIView,instance_method,willMoveToSuperview,1,byWillMoveToSuperview,willmovetosuperview,,NO,System/Library/Frameworks/UIKit.framework/Headers/UIView.h,240,- (void)willMoveToSuperview:(nullable UIView *)newSuperview;
UIView,instance_method,didMoveToSuperview,0,byDidMoveToSuperview,didmovetosuperview,,NO,System/Library/Frameworks/UIKit.framework/Headers/UIView.h,241,- (void)didMoveToSuperview;
UIView,instance_method,willMoveToWindow,1,byWillMoveToWindow,willmovetowindow,,NO,System/Library/Frameworks/UIKit.framework/Headers/UIView.h,242,- (void)willMoveToWindow:(nullable UIWindow *)newWindow;
UIView,instance_method,didMoveToWindow,0,byDidMoveToWindow,didmovetowindow,,NO,System/Library/Frameworks/UIKit.framework/Headers/UIView.h,243,- (void)didMoveToWindow;
UIView,instance_method,isDescendantOfView,1,byDescendantOfView,descendantofview,,NO,System/Library/Frameworks/UIKit.framework/Headers/UIView.h,245,- (BOOL)isDescendantOfView:(UIView *)view;
UIView,instance_method,viewWithTag,1,byViewWithTag,viewwithtag,,NO,System/Library/Frameworks/UIKit.framework/Headers/UIView.h,246,- (nullable __kindof UIView *)viewWithTag:(NSInteger)tag;
UIView,instance_method,setNeedsUpdateProperties,0,bySetNeedsUpdateProperties,setneedsupdateproperties,,NO,System/Library/Frameworks/UIKit.framework/Headers/UIView.h,250,"- (void)setNeedsUpdateProperties API_AVAILABLE(ios(26.0), tvos(26.0), visionos(26.0)) API_UNAVAILABLE(watchos);"
UIView,instance_method,updateProperties,0,byUpdateProperties,updateproperties,,NO,System/Library/Frameworks/UIKit.framework/Headers/UIView.h,253,"- (void)updateProperties NS_REQUIRES_SUPER API_AVAILABLE(ios(26.0), tvos(26.0), visionos(26.0)) API_UNAVAILABLE(watchos);"
UIView,instance_method,updatePropertiesIfNeeded,0,byUpdatePropertiesIfNeeded,updatepropertiesifneeded,,NO,System/Library/Frameworks/UIKit.framework/Headers/UIView.h,256,"- (void)updatePropertiesIfNeeded API_AVAILABLE(ios(26.0), tvos(26.0), visionos(26.0)) API_UNAVAILABLE(watchos);"
UIView,instance_method,setNeedsLayout,0,bySetNeedsLayout,setneedslayout,,NO,System/Library/Frameworks/UIKit.framework/Headers/UIView.h,259,- (void)setNeedsLayout;
UIView,instance_method,layoutIfNeeded,0,byLayoutIfNeeded,layoutifneeded,,NO,System/Library/Frameworks/UIKit.framework/Headers/UIView.h,260,- (void)layoutIfNeeded;
UIView,instance_method,layoutSubviews,0,byLayoutSubviews,layoutsubviews,,NO,System/Library/Frameworks/UIKit.framework/Headers/UIView.h,262,- (void)layoutSubviews;
UIView,property,layoutMargins,,byLayoutMargins,layoutmargins,NO,NO,System/Library/Frameworks/UIKit.framework/Headers/UIView.h,265,@property (nonatomic) UIEdgeInsets layoutMargins API_AVAILABLE(ios(8.0));
UIView,property,directionalLayoutMargins,,byDirectionalLayoutMargins,directionallayoutmargins,NO,NO,System/Library/Frameworks/UIKit.framework/Headers/UIView.h,268,"@property (nonatomic) NSDirectionalEdgeInsets directionalLayoutMargins API_AVAILABLE(ios(11.0), tvos(11.0)) API_UNAVAILABLE(watchos);"
UIView,property,preservesSuperviewLayoutMargins,,byPreservesSuperviewLayoutMargins,preservessuperviewlayoutmargins,NO,NO,System/Library/Frameworks/UIKit.framework/Headers/UIView.h,270,@property (nonatomic) BOOL preservesSuperviewLayoutMargins API_AVAILABLE(ios(8.0));
UIView,property,insetsLayoutMarginsFromSafeArea,,byInsetsLayoutMarginsFromSafeArea,insetslayoutmarginsfromsafearea,NO,NO,System/Library/Frameworks/UIKit.framework/Headers/UIView.h,271,"@property (nonatomic) BOOL insetsLayoutMarginsFromSafeArea API_AVAILABLE(ios(11.0), tvos(11.0)) API_UNAVAILABLE(watchos);"
UIView,instance_method,layoutMarginsDidChange,0,byLayoutMarginsDidChange,layoutmarginsdidchange,,NO,System/Library/Frameworks/UIKit.framework/Headers/UIView.h,273,- (void)layoutMarginsDidChange API_AVAILABLE(ios(8.0));
UIView,property,safeAreaInsets,,bySafeAreaInsets,safeareainsets,YES,NO,System/Library/Frameworks/UIKit.framework/Headers/UIView.h,275,"@property (nonatomic,readonly) UIEdgeInsets safeAreaInsets API_AVAILABLE(ios(11.0), tvos(11.0)) API_UNAVAILABLE(watchos);"
UIView,instance_method,safeAreaInsetsDidChange,0,bySafeAreaInsetsDidChange,safeareainsetsdidchange,,NO,System/Library/Frameworks/UIKit.framework/Headers/UIView.h,276,"- (void)safeAreaInsetsDidChange API_AVAILABLE(ios(11.0), tvos(11.0)) API_UNAVAILABLE(watchos);"
UIView,property,layoutMarginsGuide,,byLayoutMarginsGuide,layoutmarginsguide,YES,NO,System/Library/Frameworks/UIKit.framework/Headers/UIView.h,279,"@property(readonly,strong) UILayoutGuide *layoutMarginsGuide API_AVAILABLE(ios(9.0));"
UIView,property,readableContentGuide,,byReadableContentGuide,readablecontentguide,YES,NO,System/Library/Frameworks/UIKit.framework/Headers/UIView.h,282,"@property (nonatomic, readonly, strong) UILayoutGuide *readableContentGuide API_AVAILABLE(ios(9.0));"
UIView,property,safeAreaLayoutGuide,,bySafeAreaLayoutGuide,safearealayoutguide,YES,NO,System/Library/Frameworks/UIKit.framework/Headers/UIView.h,285,"@property(nonatomic,readonly,strong) UILayoutGuide *safeAreaLayoutGuide API_AVAILABLE(ios(11.0), tvos(11.0)) API_UNAVAILABLE(watchos);"
UIView,property,keyboardLayoutGuide,,byKeyboardLayoutGuide,keyboardlayoutguide,YES,NO,System/Library/Frameworks/UIKit.framework/Headers/UIView.h,288,"@property(nonatomic,readonly,strong) UIKeyboardLayoutGuide *keyboardLayoutGuide API_AVAILABLE(ios(15.0)) API_UNAVAILABLE(tvos) API_UNAVAILABLE(watchos);"
UIView,instance_method,drawRect,1,byDrawRect,drawrect,,NO,System/Library/Frameworks/UIKit.framework/Headers/UIView.h,294,- (void)drawRect:(CGRect)rect;
UIView,instance_method,setNeedsDisplay,0,bySetNeedsDisplay,setneedsdisplay,,NO,System/Library/Frameworks/UIKit.framework/Headers/UIView.h,296,- (void)setNeedsDisplay;
UIView,instance_method,setNeedsDisplayInRect,1,bySetNeedsDisplayInRect,setneedsdisplayinrect,,NO,System/Library/Frameworks/UIKit.framework/Headers/UIView.h,297,- (void)setNeedsDisplayInRect:(CGRect)rect;
UIView,property,clipsToBounds,,byClipsToBounds,clipstobounds,NO,NO,System/Library/Frameworks/UIKit.framework/Headers/UIView.h,299,@property(nonatomic) BOOL clipsToBounds;
UIView,property,backgroundColor,,byBackgroundColor,backgroundcolor,NO,NO,System/Library/Frameworks/UIKit.framework/Headers/UIView.h,300,"@property(nullable, nonatomic,copy) UIColor *backgroundColor UI_APPEARANCE_SELECTOR;"
UIView,property,alpha,,byAlpha,alpha,NO,NO,System/Library/Frameworks/UIKit.framework/Headers/UIView.h,301,@property(nonatomic) CGFloat alpha;
UIView,property,opaque,,byOpaque,opaque,NO,NO,System/Library/Frameworks/UIKit.framework/Headers/UIView.h,302,"@property(nonatomic,getter=isOpaque) BOOL opaque;"
UIView,property,clearsContextBeforeDrawing,,byClearsContextBeforeDrawing,clearscontextbeforedrawing,NO,NO,System/Library/Frameworks/UIKit.framework/Headers/UIView.h,303,@property(nonatomic) BOOL clearsContextBeforeDrawing;
UIView,property,hidden,,byHidden,hidden,NO,NO,System/Library/Frameworks/UIKit.framework/Headers/UIView.h,304,"@property(nonatomic,getter=isHidden) BOOL hidden;"
UIView,property,contentMode,,byContentMode,contentmode,NO,NO,System/Library/Frameworks/UIKit.framework/Headers/UIView.h,305,@property(nonatomic) UIViewContentMode contentMode;
UIView,property,contentStretch,,byContentStretch,contentstretch,NO,NO,System/Library/Frameworks/UIKit.framework/Headers/UIView.h,306,"@property(nonatomic) CGRect contentStretch API_DEPRECATED("""", ios(3.0, 6.0)) API_UNAVAILABLE(tvos) API_UNAVAILABLE(visionos, watchos);"
UIView,property,maskView,,byMaskView,maskview,NO,NO,System/Library/Frameworks/UIKit.framework/Headers/UIView.h,308,"@property(nullable, nonatomic,strong) UIView *maskView API_AVAILABLE(ios(8.0));"
UIView,property,tintColor,,byTintColor,tintcolor,NO,NO,System/Library/Frameworks/UIKit.framework/Headers/UIView.h,311,"@property(null_resettable, nonatomic, strong) UIColor *tintColor API_AVAILABLE(ios(7.0));"
UIView,property,tintAdjustmentMode,,byTintAdjustmentMode,tintadjustmentmode,NO,NO,System/Library/Frameworks/UIKit.framework/Headers/UIView.h,314,@property(nonatomic) UIViewTintAdjustmentMode tintAdjustmentMode API_AVAILABLE(ios(7.0));
UIView,instance_method,tintColorDidChange,0,byTintColorDidChange,tintcolordidchange,,NO,System/Library/Frameworks/UIKit.framework/Headers/UIView.h,317,- (void)tintColorDidChange API_AVAILABLE(ios(7.0));
UIView,class_method,setAnimationsEnabled,1,bySetAnimationsEnabled,setanimationsenabled,,YES,System/Library/Frameworks/UIKit.framework/Headers/UIView.h,323,+ (void)setAnimationsEnabled:(BOOL)enabled;
UIView,property,areAnimationsEnabled,,byAreAnimationsEnabled,areanimationsenabled,YES,YES,System/Library/Frameworks/UIKit.framework/Headers/UIView.h,324,"@property(class, nonatomic, readonly) BOOL areAnimationsEnabled;"
UIView,class_method,performWithoutAnimation,1,byPerformWithoutAnimation,performwithoutanimation,,YES,System/Library/Frameworks/UIKit.framework/Headers/UIView.h,325,+ (void)performWithoutAnimation:(void (NS_NOESCAPE ^)(void))actionsWithoutAnimation API_AVAILABLE(ios(7.0));
UIView,property,inheritedAnimationDuration,,byInheritedAnimationDuration,inheritedanimationduration,YES,YES,System/Library/Frameworks/UIKit.framework/Headers/UIView.h,327,"@property(class, nonatomic, readonly) NSTimeInterval inheritedAnimationDuration API_AVAILABLE(ios(9.0));"
UIView,property,gestureRecognizers,,byGestureRecognizers,gesturerecognizers,NO,NO,System/Library/Frameworks/UIKit.framework/Headers/UIView.h,366,"@property(nullable, nonatomic,copy) NSArray<__kindof UIGestureRecognizer *> *gestureRecognizers API_AVAILABLE(ios(3.2));"
UIView,instance_method,addGestureRecognizer,1,byAddGestureRecognizer,addgesturerecognizer,,NO,System/Library/Frameworks/UIKit.framework/Headers/UIView.h,368,- (void)addGestureRecognizer:(UIGestureRecognizer*)gestureRecognizer API_AVAILABLE(ios(3.2));
UIView,instance_method,removeGestureRecognizer,1,byRemoveGestureRecognizer,removegesturerecognizer,,NO,System/Library/Frameworks/UIKit.framework/Headers/UIView.h,369,- (void)removeGestureRecognizer:(UIGestureRecognizer*)gestureRecognizer API_AVAILABLE(ios(3.2));
UIView,instance_method,gestureRecognizerShouldBegin,1,byGestureRecognizerShouldBegin,gesturerecognizershouldbegin,,NO,System/Library/Frameworks/UIKit.framework/Headers/UIView.h,374,- (BOOL)gestureRecognizerShouldBegin:(UIGestureRecognizer *)gestureRecognizer API_AVAILABLE(ios(6.0));
UIView,instance_method,addMotionEffect,1,byAddMotionEffect,addmotioneffect,,NO,System/Library/Frameworks/UIKit.framework/Headers/UIView.h,381,- (void)addMotionEffect:(UIMotionEffect *)effect API_AVAILABLE(ios(7.0));
UIView,instance_method,removeMotionEffect,1,byRemoveMotionEffect,removemotioneffect,,NO,System/Library/Frameworks/UIKit.framework/Headers/UIView.h,384,- (void)removeMotionEffect:(UIMotionEffect *)effect API_AVAILABLE(ios(7.0));
UIView,property,motionEffects,,byMotionEffects,motioneffects,NO,NO,System/Library/Frameworks/UIKit.framework/Headers/UIView.h,386,"@property (copy, nonatomic) NSArray<__kindof UIMotionEffect *> *motionEffects API_AVAILABLE(ios(7.0));"
UIView,property,constraints,,byConstraints,constraints,YES,NO,System/Library/Frameworks/UIKit.framework/Headers/UIView.h,405,"@property(nonatomic,readonly) NSArray<__kindof NSLayoutConstraint *> *constraints API_AVAILABLE(ios(6.0));"
UIView,instance_method,addConstraint,1,byAddConstraint,addconstraint,,NO,System/Library/Frameworks/UIKit.framework/Headers/UIView.h,407,- (void)addConstraint:(NSLayoutConstraint *)constraint API_AVAILABLE(ios(6.0));
UIView,instance_method,addConstraints,1,byAddConstraints,addconstraints,,NO,System/Library/Frameworks/UIKit.framework/Headers/UIView.h,408,- (void)addConstraints:(NSArray<__kindof NSLayoutConstraint *> *)constraints API_AVAILABLE(ios(6.0));
UIView,instance_method,removeConstraint,1,byRemoveConstraint,removeconstraint,,NO,System/Library/Frameworks/UIKit.framework/Headers/UIView.h,409,- (void)removeConstraint:(NSLayoutConstraint *)constraint API_AVAILABLE(ios(6.0));
UIView,instance_method,removeConstraints,1,byRemoveConstraints,removeconstraints,,NO,System/Library/Frameworks/UIKit.framework/Headers/UIView.h,410,- (void)removeConstraints:(NSArray<__kindof NSLayoutConstraint *> *)constraints API_AVAILABLE(ios(6.0));
UIView,instance_method,updateConstraintsIfNeeded,0,byUpdateConstraintsIfNeeded,updateconstraintsifneeded,,NO,System/Library/Frameworks/UIKit.framework/Headers/UIView.h,418,- (void)updateConstraintsIfNeeded API_AVAILABLE(ios(6.0));
UIView,instance_method,updateConstraints,0,byUpdateConstraints,updateconstraints,,NO,System/Library/Frameworks/UIKit.framework/Headers/UIView.h,419,- (void)updateConstraints API_AVAILABLE(ios(6.0)) NS_REQUIRES_SUPER;
UIView,instance_method,needsUpdateConstraints,0,byNeedsUpdateConstraints,needsupdateconstraints,,NO,System/Library/Frameworks/UIKit.framework/Headers/UIView.h,420,- (BOOL)needsUpdateConstraints API_AVAILABLE(ios(6.0));
UIView,instance_method,setNeedsUpdateConstraints,0,bySetNeedsUpdateConstraints,setneedsupdateconstraints,,NO,System/Library/Frameworks/UIKit.framework/Headers/UIView.h,421,- (void)setNeedsUpdateConstraints API_AVAILABLE(ios(6.0));
UIView,property,translatesAutoresizingMaskIntoConstraints,,byTranslatesAutoresizingMaskIntoConstraints,translatesautoresizingmaskintoconstraints,NO,NO,System/Library/Frameworks/UIKit.framework/Headers/UIView.h,429,@property(nonatomic) BOOL translatesAutoresizingMaskIntoConstraints API_AVAILABLE(ios(6.0));
UIView,property,requiresConstraintBasedLayout,,byRequiresConstraintBasedLayout,requiresconstraintbasedlayout,YES,YES,System/Library/Frameworks/UIKit.framework/Headers/UIView.h,432,"@property(class, nonatomic, readonly) BOOL requiresConstraintBasedLayout API_AVAILABLE(ios(6.0));"
UIView,instance_method,alignmentRectForFrame,1,byAlignmentRectForFrame,alignmentrectforframe,,NO,System/Library/Frameworks/UIKit.framework/Headers/UIView.h,443,- (CGRect)alignmentRectForFrame:(CGRect)frame API_AVAILABLE(ios(6.0));
UIView,instance_method,frameForAlignmentRect,1,byFrameForAlignmentRect,frameforalignmentrect,,NO,System/Library/Frameworks/UIKit.framework/Headers/UIView.h,444,- (CGRect)frameForAlignmentRect:(CGRect)alignmentRect API_AVAILABLE(ios(6.0));
UIView,property,alignmentRectInsets,,byAlignmentRectInsets,alignmentrectinsets,YES,NO,System/Library/Frameworks/UIKit.framework/Headers/UIView.h,447,"@property(nonatomic, readonly) UIEdgeInsets alignmentRectInsets API_AVAILABLE(ios(6.0));"
UIView,instance_method,viewForBaselineLayout,0,byViewForBaselineLayout,viewforbaselinelayout,,NO,System/Library/Frameworks/UIKit.framework/Headers/UIView.h,449,"- (UIView *)viewForBaselineLayout API_DEPRECATED(""Override -viewForFirstBaselineLayout or -viewForLastBaselineLayout as appropriate, instead"", ios(6.0, 9.0)) API_UNAVAILABLE(tvos) API_UNAVAILABLE(visionos, watchos);"
UIView,property,viewForFirstBaselineLayout,,byViewForFirstBaselineLayout,viewforfirstbaselinelayout,YES,NO,System/Library/Frameworks/UIKit.framework/Headers/UIView.h,452,"@property(readonly,strong) UIView *viewForFirstBaselineLayout API_AVAILABLE(ios(9.0));"
UIView,property,viewForLastBaselineLayout,,byViewForLastBaselineLayout,viewforlastbaselinelayout,YES,NO,System/Library/Frameworks/UIKit.framework/Headers/UIView.h,455,"@property(readonly,strong) UIView *viewForLastBaselineLayout API_AVAILABLE(ios(9.0));"
UIView,property,intrinsicContentSize,,byIntrinsicContentSize,intrinsiccontentsize,YES,NO,System/Library/Frameworks/UIKit.framework/Headers/UIView.h,459,"@property(nonatomic, readonly) CGSize intrinsicContentSize API_AVAILABLE(ios(6.0));"
UIView,instance_method,invalidateIntrinsicContentSize,0,byInvalidateIntrinsicContentSize,invalidateintrinsiccontentsize,,NO,System/Library/Frameworks/UIKit.framework/Headers/UIView.h,460,- (void)invalidateIntrinsicContentSize API_AVAILABLE(ios(6.0));
UIView,instance_method,contentHuggingPriorityForAxis,1,byContentHuggingPriorityForAxis,contenthuggingpriorityforaxis,,NO,System/Library/Frameworks/UIKit.framework/Headers/UIView.h,462,- (UILayoutPriority)contentHuggingPriorityForAxis:(UILayoutConstraintAxis)axis API_AVAILABLE(ios(6.0));
UIView,instance_method,contentCompressionResistancePriorityForAxis,1,byContentCompressionResistancePriorityForAxis,contentcompressionresistancepriorityforaxis,,NO,System/Library/Frameworks/UIKit.framework/Headers/UIView.h,465,- (UILayoutPriority)contentCompressionResistancePriorityForAxis:(UILayoutConstraintAxis)axis API_AVAILABLE(ios(6.0));
UIView,instance_method,systemLayoutSizeFittingSize,1,bySystemLayoutSizeFittingSize,systemlayoutsizefittingsize,,NO,System/Library/Frameworks/UIKit.framework/Headers/UIView.h,476,- (CGSize)systemLayoutSizeFittingSize:(CGSize)targetSize API_AVAILABLE(ios(6.0));
UIView,property,layoutGuides,,byLayoutGuides,layoutguides,YES,NO,System/Library/Frameworks/UIKit.framework/Headers/UIView.h,483,"@property(nonatomic,readonly,copy) NSArray<__kindof UILayoutGuide *> *layoutGuides API_AVAILABLE(ios(9.0));"
UIView,instance_method,addLayoutGuide,1,byAddLayoutGuide,addlayoutguide,,NO,System/Library/Frameworks/UIKit.framework/Headers/UIView.h,486,- (void)addLayoutGuide:(UILayoutGuide *)layoutGuide API_AVAILABLE(ios(9.0));
UIView,instance_method,removeLayoutGuide,1,byRemoveLayoutGuide,removelayoutguide,,NO,System/Library/Frameworks/UIKit.framework/Headers/UIView.h,489,- (void)removeLayoutGuide:(UILayoutGuide *)layoutGuide API_AVAILABLE(ios(9.0));
UIView,property,leadingAnchor,,byLeadingAnchor,leadinganchor,YES,NO,System/Library/Frameworks/UIKit.framework/Headers/UIView.h,495,"@property(nonatomic,readonly,strong) NSLayoutXAxisAnchor *leadingAnchor API_AVAILABLE(ios(9.0));"
UIView,property,trailingAnchor,,byTrailingAnchor,trailinganchor,YES,NO,System/Library/Frameworks/UIKit.framework/Headers/UIView.h,496,"@property(nonatomic,readonly,strong) NSLayoutXAxisAnchor *trailingAnchor API_AVAILABLE(ios(9.0));"
UIView,property,leftAnchor,,byLeftAnchor,leftanchor,YES,NO,System/Library/Frameworks/UIKit.framework/Headers/UIView.h,497,"@property(nonatomic,readonly,strong) NSLayoutXAxisAnchor *leftAnchor API_AVAILABLE(ios(9.0));"
UIView,property,rightAnchor,,byRightAnchor,rightanchor,YES,NO,System/Library/Frameworks/UIKit.framework/Headers/UIView.h,498,"@property(nonatomic,readonly,strong) NSLayoutXAxisAnchor *rightAnchor API_AVAILABLE(ios(9.0));"
UIView,property,topAnchor,,byTopAnchor,topanchor,YES,NO,System/Library/Frameworks/UIKit.framework/Headers/UIView.h,499,"@property(nonatomic,readonly,strong) NSLayoutYAxisAnchor *topAnchor API_AVAILABLE(ios(9.0));"
UIView,property,bottomAnchor,,byBottomAnchor,bottomanchor,YES,NO,System/Library/Frameworks/UIKit.framework/Headers/UIView.h,500,"@property(nonatomic,readonly,strong) NSLayoutYAxisAnchor *bottomAnchor API_AVAILABLE(ios(9.0));"
UIView,property,widthAnchor,,byWidthAnchor,widthanchor,YES,NO,System/Library/Frameworks/UIKit.framework/Headers/UIView.h,501,"@property(nonatomic,readonly,strong) NSLayoutDimension *widthAnchor API_AVAILABLE(ios(9.0));"
UIView,property,heightAnchor,,byHeightAnchor,heightanchor,YES,NO,System/Library/Frameworks/UIKit.framework/Headers/UIView.h,502,"@property(nonatomic,readonly,strong) NSLayoutDimension *heightAnchor API_AVAILABLE(ios(9.0));"
UIView,property,centerXAnchor,,byCenterXAnchor,centerxanchor,YES,NO,System/Library/Frameworks/UIKit.framework/Headers/UIView.h,503,"@property(nonatomic,readonly,strong) NSLayoutXAxisAnchor *centerXAnchor API_AVAILABLE(ios(9.0));"
UIView,property,centerYAnchor,,byCenterYAnchor,centeryanchor,YES,NO,System/Library/Frameworks/UIKit.framework/Headers/UIView.h,504,"@property(nonatomic,readonly,strong) NSLayoutYAxisAnchor *centerYAnchor API_AVAILABLE(ios(9.0));"
UIView,property,firstBaselineAnchor,,byFirstBaselineAnchor,firstbaselineanchor,YES,NO,System/Library/Frameworks/UIKit.framework/Headers/UIView.h,505,"@property(nonatomic,readonly,strong) NSLayoutYAxisAnchor *firstBaselineAnchor API_AVAILABLE(ios(9.0));"
UIView,property,lastBaselineAnchor,,byLastBaselineAnchor,lastbaselineanchor,YES,NO,System/Library/Frameworks/UIKit.framework/Headers/UIView.h,506,"@property(nonatomic,readonly,strong) NSLayoutYAxisAnchor *lastBaselineAnchor API_AVAILABLE(ios(9.0));"
UIView,instance_method,constraintsAffectingLayoutForAxis,1,byConstraintsAffectingLayoutForAxis,constraintsaffectinglayoutforaxis,,NO,System/Library/Frameworks/UIKit.framework/Headers/UIView.h,516,- (NSArray<__kindof NSLayoutConstraint *> *)constraintsAffectingLayoutForAxis:(UILayoutConstraintAxis)axis API_AVAILABLE(ios(6.0));
UIView,property,hasAmbiguousLayout,,byHasAmbiguousLayout,hasambiguouslayout,YES,NO,System/Library/Frameworks/UIKit.framework/Headers/UIView.h,519,"@property(nonatomic, readonly) BOOL hasAmbiguousLayout API_AVAILABLE(ios(6.0));"
UIView,instance_method,exerciseAmbiguityInLayout,0,byExerciseAmbiguityInLayout,exerciseambiguityinlayout,,NO,System/Library/Frameworks/UIKit.framework/Headers/UIView.h,521,- (void)exerciseAmbiguityInLayout API_AVAILABLE(ios(6.0));
UIView,property,restorationIdentifier,,byRestorationIdentifier,restorationidentifier,NO,NO,System/Library/Frameworks/UIKit.framework/Headers/UIView.h,535,"@property (nullable, nonatomic, copy) NSString *restorationIdentifier API_AVAILABLE(ios(6.0));"
UIView,instance_method,encodeRestorableStateWithCoder,1,byEncodeRestorableStateWithCoder,encoderestorablestatewithcoder,,NO,System/Library/Frameworks/UIKit.framework/Headers/UIView.h,536,- (void) encodeRestorableStateWithCoder:(NSCoder *)coder API_AVAILABLE(ios(6.0));
UIView,instance_method,decodeRestorableStateWithCoder,1,byDecodeRestorableStateWithCoder,decoderestorablestatewithcoder,,NO,System/Library/Frameworks/UIKit.framework/Headers/UIView.h,537,- (void) decodeRestorableStateWithCoder:(NSCoder *)coder API_AVAILABLE(ios(6.0));
UIView,instance_method,snapshotViewAfterScreenUpdates,1,bySnapshotViewAfterScreenUpdates,snapshotviewafterscreenupdates,,NO,System/Library/Frameworks/UIKit.framework/Headers/UIView.h,542,- (nullable UIView *)snapshotViewAfterScreenUpdates:(BOOL)afterUpdates API_AVAILABLE(ios(7.0));
UIView,class_method,commitAnimations,0,byCommitAnimations,commitanimations,,YES,System/Library/Frameworks/UIKit.framework/Headers/UIView.h,553,"+ (void)commitAnimations API_DEPRECATED(""Use the block-based animation API instead"", ios(2.0, 13.0)) API_UNAVAILABLE(visionos, watchos);"
UIView,class_method,setAnimationDelegate,1,bySetAnimationDelegate,setanimationdelegate,,YES,System/Library/Frameworks/UIKit.framework/Headers/UIView.h,554,"+ (void)setAnimationDelegate:(nullable id)delegate API_DEPRECATED(""Use the block-based animation API instead"", ios(2.0, 13.0)) API_UNAVAILABLE(visionos, watchos);"
UIView,class_method,setAnimationWillStartSelector,1,bySetAnimationWillStartSelector,setanimationwillstartselector,,YES,System/Library/Frameworks/UIKit.framework/Headers/UIView.h,555,"+ (void)setAnimationWillStartSelector:(nullable SEL)selector API_DEPRECATED(""Use the block-based animation API instead"", ios(2.0, 13.0)) API_UNAVAILABLE(visionos, watchos);"
UIView,class_method,setAnimationDidStopSelector,1,bySetAnimationDidStopSelector,setanimationdidstopselector,,YES,System/Library/Frameworks/UIKit.framework/Headers/UIView.h,556,"+ (void)setAnimationDidStopSelector:(nullable SEL)selector API_DEPRECATED(""Use the block-based animation API instead"", ios(2.0, 13.0)) API_UNAVAILABLE(visionos, watchos);"
UIView,class_method,setAnimationDuration,1,bySetAnimationDuration,setanimationduration,,YES,System/Library/Frameworks/UIKit.framework/Headers/UIView.h,557,"+ (void)setAnimationDuration:(NSTimeInterval)duration API_DEPRECATED(""Use the block-based animation API instead"", ios(2.0, 13.0)) API_UNAVAILABLE(visionos, watchos);"
UIView,class_method,setAnimationDelay,1,bySetAnimationDelay,setanimationdelay,,YES,System/Library/Frameworks/UIKit.framework/Headers/UIView.h,558,"+ (void)setAnimationDelay:(NSTimeInterval)delay API_DEPRECATED(""Use the block-based animation API instead"", ios(2.0, 13.0)) API_UNAVAILABLE(visionos, watchos);"
UIView,class_method,setAnimationStartDate,1,bySetAnimationStartDate,setanimationstartdate,,YES,System/Library/Frameworks/UIKit.framework/Headers/UIView.h,559,"+ (void)setAnimationStartDate:(NSDate *)startDate API_DEPRECATED(""Use the block-based animation API instead"", ios(2.0, 13.0)) API_UNAVAILABLE(visionos, watchos);"
UIView,class_method,setAnimationCurve,1,bySetAnimationCurve,setanimationcurve,,YES,System/Library/Frameworks/UIKit.framework/Headers/UIView.h,560,"+ (void)setAnimationCurve:(UIViewAnimationCurve)curve API_DEPRECATED(""Use the block-based animation API instead"", ios(2.0, 13.0)) API_UNAVAILABLE(visionos, watchos);"
UIView,class_method,setAnimationRepeatCount,1,bySetAnimationRepeatCount,setanimationrepeatcount,,YES,System/Library/Frameworks/UIKit.framework/Headers/UIView.h,561,"+ (void)setAnimationRepeatCount:(float)repeatCount API_DEPRECATED(""Use the block-based animation API instead"", ios(2.0, 13.0)) API_UNAVAILABLE(visionos, watchos);"
UIView,class_method,setAnimationRepeatAutoreverses,1,bySetAnimationRepeatAutoreverses,setanimationrepeatautoreverses,,YES,System/Library/Frameworks/UIKit.framework/Headers/UIView.h,562,"+ (void)setAnimationRepeatAutoreverses:(BOOL)repeatAutoreverses API_DEPRECATED(""Use the block-based animation API instead"", ios(2.0, 13.0)) API_UNAVAILABLE(visionos, watchos);"
UIView,class_method,setAnimationBeginsFromCurrentState,1,bySetAnimationBeginsFromCurrentState,setanimationbeginsfromcurrentstate,,YES,System/Library/Frameworks/UIKit.framework/Headers/UIView.h,563,"+ (void)setAnimationBeginsFromCurrentState:(BOOL)fromCurrentState API_DEPRECATED(""Use the block-based animation API instead"", ios(2.0, 13.0)) API_UNAVAILABLE(visionos, watchos);"
UIView,property,overrideUserInterfaceStyle,,byOverrideUserInterfaceStyle,overrideuserinterfacestyle,NO,NO,System/Library/Frameworks/UIKit.framework/Headers/UIView.h,571,"@property (nonatomic) UIUserInterfaceStyle overrideUserInterfaceStyle API_AVAILABLE(ios(13.0), tvos(13.0)) API_UNAVAILABLE(watchos);"
UIView,property,minimumContentSizeCategory,,byMinimumContentSizeCategory,minimumcontentsizecategory,NO,NO,System/Library/Frameworks/UIKit.framework/Headers/UIView.h,593,"@property (nonatomic, copy, nullable) UIContentSizeCategory minimumContentSizeCategory API_AVAILABLE(ios(15.0)) API_UNAVAILABLE(watchos);"
UIView,property,maximumContentSizeCategory,,byMaximumContentSizeCategory,maximumcontentsizecategory,NO,NO,System/Library/Frameworks/UIKit.framework/Headers/UIView.h,594,"@property (nonatomic, copy, nullable) UIContentSizeCategory maximumContentSizeCategory API_AVAILABLE(ios(15.0)) API_UNAVAILABLE(watchos);"
UIView,property,appliedContentSizeCategoryLimitsDescription,,byAppliedContentSizeCategoryLimitsDescription,appliedcontentsizecategorylimitsdescription,YES,NO,System/Library/Frameworks/UIKit.framework/Headers/UIView.h,599,"@property (nonatomic, copy, readonly) NSString *appliedContentSizeCategoryLimitsDescription API_AVAILABLE(ios(15.0)) API_UNAVAILABLE(watchos);"
UIView,property,traitOverrides,,byTraitOverrides,traitoverrides,YES,NO,System/Library/Frameworks/UIKit.framework/Headers/UIView.h,606,"@property (nonatomic, readonly) id<UITraitOverrides> traitOverrides API_AVAILABLE(ios(17.0), tvos(17.0)) API_UNAVAILABLE(watchos);"
UIView,instance_method,updateTraitsIfNeeded,0,byUpdateTraitsIfNeeded,updatetraitsifneeded,,NO,System/Library/Frameworks/UIKit.framework/Headers/UIView.h,610,"- (void)updateTraitsIfNeeded API_AVAILABLE(ios(17.0), tvos(17.0)) API_UNAVAILABLE(watchos);"
UIView,instance_method,layoutGuideForLayoutRegion,1,byLayoutGuideForLayoutRegion,layoutguideforlayoutregion,,NO,System/Library/Frameworks/UIKit.framework/Headers/UIView.h,618,- (UILayoutGuide *)layoutGuideForLayoutRegion:(UIViewLayoutRegion *)layoutRegion NS_REFINED_FOR_SWIFT;
UIView,instance_method,edgeInsetsForLayoutRegion,1,byEdgeInsetsForLayoutRegion,edgeinsetsforlayoutregion,,NO,System/Library/Frameworks/UIKit.framework/Headers/UIView.h,619,- (UIEdgeInsets)edgeInsetsForLayoutRegion:(UIViewLayoutRegion *)layoutRegion NS_REFINED_FOR_SWIFT;
UIView,instance_method,directionalEdgeInsetsForLayoutRegion,1,byDirectionalEdgeInsetsForLayoutRegion,directionaledgeinsetsforlayoutregion,,NO,System/Library/Frameworks/UIKit.framework/Headers/UIView.h,620,- (NSDirectionalEdgeInsets)directionalEdgeInsetsForLayoutRegion:(UIViewLayoutRegion *)layoutRegion NS_REFINED_FOR_SWIFT;
UIView,property,cornerConfiguration,,byCornerConfiguration,cornerconfiguration,NO,NO,System/Library/Frameworks/UIKit.framework/Headers/UIView.h,628,"@property (nonatomic, copy, nonnull) UICornerConfiguration *cornerConfiguration NS_REFINED_FOR_SWIFT;"
UIControl,property,enabled,,byEnabled,enabled,NO,NO,System/Library/Frameworks/UIKit.framework/Headers/UIControl.h,84,"@property(nonatomic,getter=isEnabled) BOOL enabled;"
UIControl,property,selected,,bySelected,selected,NO,NO,System/Library/Frameworks/UIKit.framework/Headers/UIControl.h,85,"@property(nonatomic,getter=isSelected) BOOL selected;"
UIControl,property,highlighted,,byHighlighted,highlighted,NO,NO,System/Library/Frameworks/UIKit.framework/Headers/UIControl.h,86,"@property(nonatomic,getter=isHighlighted) BOOL highlighted;"
UIControl,property,contentVerticalAlignment,,byContentVerticalAlignment,contentverticalalignment,NO,NO,System/Library/Frameworks/UIKit.framework/Headers/UIControl.h,87,@property(nonatomic) UIControlContentVerticalAlignment contentVerticalAlignment;
UIControl,property,contentHorizontalAlignment,,byContentHorizontalAlignment,contenthorizontalalignment,NO,NO,System/Library/Frameworks/UIKit.framework/Headers/UIControl.h,88,@property(nonatomic) UIControlContentHorizontalAlignment contentHorizontalAlignment;
UIControl,property,effectiveContentHorizontalAlignment,,byEffectiveContentHorizontalAlignment,effectivecontenthorizontalalignment,YES,NO,System/Library/Frameworks/UIKit.framework/Headers/UIControl.h,89,"@property(nonatomic, readonly) UIControlContentHorizontalAlignment effectiveContentHorizontalAlignment;"
UIControl,property,state,,byState,state,YES,NO,System/Library/Frameworks/UIKit.framework/Headers/UIControl.h,91,"@property(nonatomic,readonly) UIControlState state;"
UIControl,property,tracking,,byTracking,tracking,YES,NO,System/Library/Frameworks/UIKit.framework/Headers/UIControl.h,92,"@property(nonatomic,readonly,getter=isTracking) BOOL tracking;"
UIControl,property,touchInside,,byTouchInside,touchinside,YES,NO,System/Library/Frameworks/UIKit.framework/Headers/UIControl.h,93,"@property(nonatomic,readonly,getter=isTouchInside) BOOL touchInside;"
UIControl,instance_method,cancelTrackingWithEvent,1,byCancelTrackingWithEvent,canceltrackingwithevent,,NO,System/Library/Frameworks/UIKit.framework/Headers/UIControl.h,98,- (void)cancelTrackingWithEvent:(nullable UIEvent *)event;
UIControl,instance_method,performPrimaryAction,0,byPerformPrimaryAction,performprimaryaction,,NO,System/Library/Frameworks/UIKit.framework/Headers/UIControl.h,116,- (void)performPrimaryAction API_AVAILABLE(ios(17.4)) API_UNAVAILABLE(watchos);
UIControl,property,allTargets,,byAllTargets,alltargets,YES,NO,System/Library/Frameworks/UIKit.framework/Headers/UIControl.h,119,"@property(nonatomic,readonly) NSSet *allTargets;"
UIControl,property,allControlEvents,,byAllControlEvents,allcontrolevents,YES,NO,System/Library/Frameworks/UIKit.framework/Headers/UIControl.h,120,"@property(nonatomic,readonly) UIControlEvents allControlEvents;"
UIControl,instance_method,enumerateEventHandlers,1,byEnumerateEventHandlers,enumerateeventhandlers,,NO,System/Library/Frameworks/UIKit.framework/Headers/UIControl.h,125,"- (void)enumerateEventHandlers:(void (NS_NOESCAPE ^)(UIAction * _Nullable actionHandler, id _Nullable target, SEL _Nullable action, UIControlEvents controlEvents, BOOL *stop))iterator API_AVAILABLE(ios(14.0)) API_UNAVAILABLE(watchos);"
UIControl,instance_method,sendAction,1,bySendAction,sendaction,,NO,System/Library/Frameworks/UIKit.framework/Headers/UIControl.h,130,- (void)sendAction:(UIAction *)action API_AVAILABLE(ios(14.0)) API_UNAVAILABLE(watchos);
UIControl,instance_method,sendActionsForControlEvents,1,bySendActionsForControlEvents,sendactionsforcontrolevents,,NO,System/Library/Frameworks/UIKit.framework/Headers/UIControl.h,132,- (void)sendActionsForControlEvents:(UIControlEvents)controlEvents;
UIControl,property,contextMenuInteraction,,byContextMenuInteraction,contextmenuinteraction,YES,NO,System/Library/Frameworks/UIKit.framework/Headers/UIControl.h,135,"@property (nonatomic, readonly, strong, nullable) UIContextMenuInteraction *contextMenuInteraction API_AVAILABLE(ios(14.0), tvos(17.0)) API_UNAVAILABLE(watchos);"
UIControl,property,contextMenuInteractionEnabled,,byContextMenuInteractionEnabled,contextmenuinteractionenabled,NO,NO,System/Library/Frameworks/UIKit.framework/Headers/UIControl.h,137,"@property (nonatomic, readwrite, assign, getter = isContextMenuInteractionEnabled) BOOL contextMenuInteractionEnabled API_AVAILABLE(ios(14.0), tvos(17.0)) API_UNAVAILABLE(watchos);"
UIControl,property,showsMenuAsPrimaryAction,,byShowsMenuAsPrimaryAction,showsmenuasprimaryaction,NO,NO,System/Library/Frameworks/UIKit.framework/Headers/UIControl.h,139,"@property (nonatomic, readwrite, assign) BOOL showsMenuAsPrimaryAction API_AVAILABLE(ios(14.0), tvos(17.0)) API_UNAVAILABLE(watchos);"
UIControl,instance_method,menuAttachmentPointForConfiguration,1,byMenuAttachmentPointForConfiguration,menuattachmentpointforconfiguration,,NO,System/Library/Frameworks/UIKit.framework/Headers/UIControl.h,142,"- (CGPoint)menuAttachmentPointForConfiguration:(UIContextMenuConfiguration *)configuration API_AVAILABLE(ios(14.0), tvos(17.0)) API_UNAVAILABLE(watchos);"
UIControl,property,toolTip,,byToolTip,tooltip,NO,NO,System/Library/Frameworks/UIKit.framework/Headers/UIControl.h,145,"@property (nonatomic, copy, nullable) NSString *toolTip API_AVAILABLE(ios(15.0)) API_UNAVAILABLE(watchos, tvos);"
UIControl,property,toolTipInteraction,,byToolTipInteraction,tooltipinteraction,YES,NO,System/Library/Frameworks/UIKit.framework/Headers/UIControl.h,147,"@property (nonatomic, readonly, strong, nullable) UIToolTipInteraction *toolTipInteraction API_AVAILABLE(ios(15.0)) API_UNAVAILABLE(watchos, tvos);"
UIControl,property,symbolAnimationEnabled,,bySymbolAnimationEnabled,symbolanimationenabled,NO,NO,System/Library/Frameworks/UIKit.framework/Headers/UIControl.h,151,"@property (nonatomic, getter=isSymbolAnimationEnabled) BOOL symbolAnimationEnabled API_AVAILABLE(ios(17.0), tvos(17.0)) API_UNAVAILABLE(watchos);"
UILabel,property,text,,byText,text,NO,NO,System/Library/Frameworks/UIKit.framework/Headers/UILabel.h,35,"@property(nullable, nonatomic,copy) NSString *text;"
UILabel,property,font,,byFont,font,NO,NO,System/Library/Frameworks/UIKit.framework/Headers/UILabel.h,36,"@property(null_resettable, nonatomic,strong) UIFont *font UI_APPEARANCE_SELECTOR;"
UILabel,property,textColor,,byTextColor,textcolor,NO,NO,System/Library/Frameworks/UIKit.framework/Headers/UILabel.h,37,"@property(null_resettable, nonatomic,strong) UIColor *textColor UI_APPEARANCE_SELECTOR;"
UILabel,property,preferredVibrancy,,byPreferredVibrancy,preferredvibrancy,NO,NO,System/Library/Frameworks/UIKit.framework/Headers/UILabel.h,52,"@property (nonatomic) UILabelVibrancy preferredVibrancy UI_APPEARANCE_SELECTOR API_AVAILABLE(visionos(1.0), ios(17.0), tvos(17.0)) API_UNAVAILABLE(watchos);"
UILabel,property,shadowColor,,byShadowColor,shadowcolor,NO,NO,System/Library/Frameworks/UIKit.framework/Headers/UILabel.h,54,"@property(nullable, nonatomic,strong) UIColor *shadowColor UI_APPEARANCE_SELECTOR;"
UILabel,property,shadowOffset,,byShadowOffset,shadowoffset,NO,NO,System/Library/Frameworks/UIKit.framework/Headers/UILabel.h,55,@property(nonatomic) CGSize shadowOffset UI_APPEARANCE_SELECTOR;
UILabel,property,textAlignment,,byTextAlignment,textalignment,NO,NO,System/Library/Frameworks/UIKit.framework/Headers/UILabel.h,56,@property(nonatomic) NSTextAlignment textAlignment;
UILabel,property,lineBreakMode,,byLineBreakMode,linebreakmode,NO,NO,System/Library/Frameworks/UIKit.framework/Headers/UILabel.h,57,@property(nonatomic) NSLineBreakMode lineBreakMode;
UILabel,property,attributedText,,byAttributedText,attributedtext,NO,NO,System/Library/Frameworks/UIKit.framework/Headers/UILabel.h,60,"@property(nullable, nonatomic,copy) NSAttributedString *attributedText API_AVAILABLE(ios(6.0));"
UILabel,property,highlightedTextColor,,byHighlightedTextColor,highlightedtextcolor,NO,NO,System/Library/Frameworks/UIKit.framework/Headers/UILabel.h,64,"@property(nullable, nonatomic,strong) UIColor *highlightedTextColor UI_APPEARANCE_SELECTOR;"
UILabel,property,highlighted,,byHighlighted,highlighted,NO,NO,System/Library/Frameworks/UIKit.framework/Headers/UILabel.h,65,"@property(nonatomic,getter=isHighlighted) BOOL highlighted;"
UILabel,property,userInteractionEnabled,,byUserInteractionEnabled,userinteractionenabled,NO,NO,System/Library/Frameworks/UIKit.framework/Headers/UILabel.h,67,"@property(nonatomic,getter=isUserInteractionEnabled) BOOL userInteractionEnabled;"
UILabel,property,enabled,,byEnabled,enabled,NO,NO,System/Library/Frameworks/UIKit.framework/Headers/UILabel.h,68,"@property(nonatomic,getter=isEnabled) BOOL enabled;"
UILabel,property,numberOfLines,,byNumberOfLines,numberoflines,NO,NO,System/Library/Frameworks/UIKit.framework/Headers/UILabel.h,74,@property(nonatomic) NSInteger numberOfLines;
UILabel,property,adjustsFontSizeToFitWidth,,byAdjustsFontSizeToFitWidth,adjustsfontsizetofitwidth,NO,NO,System/Library/Frameworks/UIKit.framework/Headers/UILabel.h,79,@property(nonatomic) BOOL adjustsFontSizeToFitWidth;
UILabel,property,baselineAdjustment,,byBaselineAdjustment,baselineadjustment,NO,NO,System/Library/Frameworks/UIKit.framework/Headers/UILabel.h,80,@property(nonatomic) UIBaselineAdjustment baselineAdjustment;
UILabel,property,minimumScaleFactor,,byMinimumScaleFactor,minimumscalefactor,NO,NO,System/Library/Frameworks/UIKit.framework/Headers/UILabel.h,81,@property(nonatomic) CGFloat minimumScaleFactor API_AVAILABLE(ios(6.0));
UILabel,property,allowsDefaultTighteningForTruncation,,byAllowsDefaultTighteningForTruncation,allowsdefaulttighteningfortruncation,NO,NO,System/Library/Frameworks/UIKit.framework/Headers/UILabel.h,86,@property(nonatomic) BOOL allowsDefaultTighteningForTruncation API_AVAILABLE(ios(9.0));
UILabel,property,lineBreakStrategy,,byLineBreakStrategy,linebreakstrategy,NO,NO,System/Library/Frameworks/UIKit.framework/Headers/UILabel.h,91,"@property(nonatomic) NSLineBreakStrategy lineBreakStrategy API_AVAILABLE(ios(14.0), tvos(14.0)) API_UNAVAILABLE(watchos);"
UILabel,instance_method,drawTextInRect,1,byDrawTextInRect,drawtextinrect,,NO,System/Library/Frameworks/UIKit.framework/Headers/UILabel.h,97,- (void)drawTextInRect:(CGRect)rect;
UILabel,property,preferredMaxLayoutWidth,,byPreferredMaxLayoutWidth,preferredmaxlayoutwidth,NO,NO,System/Library/Frameworks/UIKit.framework/Headers/UILabel.h,102,@property(nonatomic) CGFloat preferredMaxLayoutWidth API_AVAILABLE(ios(6.0));
UILabel,property,enablesMarqueeWhenAncestorFocused,,byEnablesMarqueeWhenAncestorFocused,enablesmarqueewhenancestorfocused,NO,NO,System/Library/Frameworks/UIKit.framework/Headers/UILabel.h,106,"@property (nonatomic) BOOL enablesMarqueeWhenAncestorFocused API_AVAILABLE(tvos(12.0)) API_UNAVAILABLE(ios, watchos);"
UILabel,property,showsExpansionTextWhenTruncated,,byShowsExpansionTextWhenTruncated,showsexpansiontextwhentruncated,NO,NO,System/Library/Frameworks/UIKit.framework/Headers/UILabel.h,109,@property (nonatomic) BOOL showsExpansionTextWhenTruncated API_AVAILABLE(macCatalyst(15.0)) API_UNAVAILABLE(watchos);
UILabel,property,minimumFontSize,,byMinimumFontSize,minimumfontsize,NO,NO,System/Library/Frameworks/UIKit.framework/Headers/UILabel.h,113,"@property(nonatomic) CGFloat minimumFontSize API_DEPRECATED("""", ios(2.0, 6.0)) API_UNAVAILABLE(tvos) API_UNAVAILABLE(visionos, watchos);"
UILabel,property,adjustsLetterSpacingToFitWidth,,byAdjustsLetterSpacingToFitWidth,adjustsletterspacingtofitwidth,NO,NO,System/Library/Frameworks/UIKit.framework/Headers/UILabel.h,116,"@property(nonatomic) BOOL adjustsLetterSpacingToFitWidth API_DEPRECATED("""", ios(6.0, 7.0)) API_UNAVAILABLE(tvos) API_UNAVAILABLE(visionos, watchos);"
UIButton,class_method,buttonWithType,1,byButtonWithType,buttonwithtype,,YES,System/Library/Frameworks/UIKit.framework/Headers/UIButton.h,57,+ (instancetype)buttonWithType:(UIButtonType)buttonType;
UIButton,class_method,systemButtonWithPrimaryAction,1,bySystemButtonWithPrimaryAction,systembuttonwithprimaryaction,,YES,System/Library/Frameworks/UIKit.framework/Headers/UIButton.h,60,+ (instancetype)systemButtonWithPrimaryAction:(nullable UIAction *)primaryAction API_AVAILABLE(ios(14.0)) API_UNAVAILABLE(watchos);
UIButton,property,configuration,,byConfiguration,configuration,NO,NO,System/Library/Frameworks/UIKit.framework/Headers/UIButton.h,68,"@property (nonatomic, readwrite, copy, nullable) UIButtonConfiguration *configuration API_AVAILABLE(ios(15.0), tvos(15.0)) API_UNAVAILABLE(watchos);"
UIButton,instance_method,setNeedsUpdateConfiguration,0,bySetNeedsUpdateConfiguration,setneedsupdateconfiguration,,NO,System/Library/Frameworks/UIKit.framework/Headers/UIButton.h,71,"- (void)setNeedsUpdateConfiguration API_AVAILABLE(ios(15.0), tvos(15.0)) API_UNAVAILABLE(watchos);"
UIButton,instance_method,updateConfiguration,0,byUpdateConfiguration,updateconfiguration,,NO,System/Library/Frameworks/UIKit.framework/Headers/UIButton.h,74,"- (void)updateConfiguration API_AVAILABLE(ios(15.0), tvos(15.0)) API_UNAVAILABLE(watchos);"
UIButton,property,configurationUpdateHandler,,byConfigurationUpdateHandler,configurationupdatehandler,NO,NO,System/Library/Frameworks/UIKit.framework/Headers/UIButton.h,77,"@property (nonatomic, readwrite, copy, nullable) UIButtonConfigurationUpdateHandler configurationUpdateHandler API_AVAILABLE(ios(15.0), tvos(15.0)) API_UNAVAILABLE(watchos);"
UIButton,property,automaticallyUpdatesConfiguration,,byAutomaticallyUpdatesConfiguration,automaticallyupdatesconfiguration,NO,NO,System/Library/Frameworks/UIKit.framework/Headers/UIButton.h,80,"@property (nonatomic, readwrite, assign) BOOL automaticallyUpdatesConfiguration API_AVAILABLE(ios(15.0), tvos(15.0)) API_UNAVAILABLE(watchos);"
UIButton,property,tintColor,,byTintColor,tintcolor,NO,NO,System/Library/Frameworks/UIKit.framework/Headers/UIButton.h,82,"@property(null_resettable, nonatomic,strong) UIColor *tintColor API_AVAILABLE(ios(5.0));"
UIButton,property,buttonType,,byButtonType,buttontype,YES,NO,System/Library/Frameworks/UIKit.framework/Headers/UIButton.h,83,"@property(nonatomic,readonly) UIButtonType buttonType;"
UIButton,property,hovered,,byHovered,hovered,YES,NO,System/Library/Frameworks/UIKit.framework/Headers/UIButton.h,86,"@property (nonatomic, assign, readonly, getter = isHovered) BOOL hovered API_AVAILABLE(ios(15.0), tvos(15.0)) API_UNAVAILABLE(watchos);"
UIButton,property,held,,byHeld,held,YES,NO,System/Library/Frameworks/UIKit.framework/Headers/UIButton.h,89,"@property (nonatomic, assign, readonly, getter = isHeld) BOOL held API_AVAILABLE(ios(15.0), tvos(15.0)) API_UNAVAILABLE(watchos);"
UIButton,property,role,,byRole,role,NO,NO,System/Library/Frameworks/UIKit.framework/Headers/UIButton.h,91,@property (nonatomic) UIButtonRole role API_AVAILABLE(ios(14.0)) API_UNAVAILABLE(watchos);
UIButton,property,pointerInteractionEnabled,,byPointerInteractionEnabled,pointerinteractionenabled,NO,NO,System/Library/Frameworks/UIKit.framework/Headers/UIButton.h,94,"@property (nonatomic, readwrite, assign, getter = isPointerInteractionEnabled) BOOL pointerInteractionEnabled API_AVAILABLE(ios(13.4)) API_UNAVAILABLE(watchos, tvos);"
UIButton,property,pointerStyleProvider,,byPointerStyleProvider,pointerstyleprovider,NO,NO,System/Library/Frameworks/UIKit.framework/Headers/UIButton.h,97,"@property (nonatomic, readwrite, copy, nullable) UIButtonPointerStyleProvider pointerStyleProvider API_AVAILABLE(ios(13.4)) API_UNAVAILABLE(watchos, tvos) NS_REFINED_FOR_SWIFT;"
UIButton,property,menu,,byMenu,menu,NO,NO,System/Library/Frameworks/UIKit.framework/Headers/UIButton.h,100,"@property (nonatomic, readwrite, copy, nullable) UIMenu *menu API_AVAILABLE(ios(14.0), tvos(17.0)) API_UNAVAILABLE(watchos);"
UIButton,property,preferredMenuElementOrder,,byPreferredMenuElementOrder,preferredmenuelementorder,NO,NO,System/Library/Frameworks/UIKit.framework/Headers/UIButton.h,103,"@property (nonatomic) UIContextMenuConfigurationElementOrder preferredMenuElementOrder API_AVAILABLE(ios(16.0), tvos(17.0)) API_UNAVAILABLE(watchos);"
UIButton,property,changesSelectionAsPrimaryAction,,byChangesSelectionAsPrimaryAction,changesselectionasprimaryaction,NO,NO,System/Library/Frameworks/UIKit.framework/Headers/UIButton.h,108,"@property (nonatomic, readwrite, assign) BOOL changesSelectionAsPrimaryAction API_AVAILABLE(ios(15.0), tvos(17.0)) API_UNAVAILABLE(watchos);"
UIButton,instance_method,titleForState,1,byTitleForState,titleforstate,,NO,System/Library/Frameworks/UIKit.framework/Headers/UIButton.h,122,- (nullable NSString *)titleForState:(UIControlState)state;
UIButton,instance_method,titleColorForState,1,byTitleColorForState,titlecolorforstate,,NO,System/Library/Frameworks/UIKit.framework/Headers/UIButton.h,123,- (nullable UIColor *)titleColorForState:(UIControlState)state;
UIButton,instance_method,titleShadowColorForState,1,byTitleShadowColorForState,titleshadowcolorforstate,,NO,System/Library/Frameworks/UIKit.framework/Headers/UIButton.h,124,- (nullable UIColor *)titleShadowColorForState:(UIControlState)state;
UIButton,instance_method,imageForState,1,byImageForState,imageforstate,,NO,System/Library/Frameworks/UIKit.framework/Headers/UIButton.h,125,- (nullable UIImage *)imageForState:(UIControlState)state;
UIButton,instance_method,backgroundImageForState,1,byBackgroundImageForState,backgroundimageforstate,,NO,System/Library/Frameworks/UIKit.framework/Headers/UIButton.h,126,- (nullable UIImage *)backgroundImageForState:(UIControlState)state;
UIButton,instance_method,preferredSymbolConfigurationForImageInState,1,byPreferredSymbolConfigurationForImageInState,preferredsymbolconfigurationforimageinstate,,NO,System/Library/Frameworks/UIKit.framework/Headers/UIButton.h,127,"- (nullable UIImageSymbolConfiguration *)preferredSymbolConfigurationForImageInState:(UIControlState)state API_AVAILABLE(ios(13.0), tvos(13.0)) API_UNAVAILABLE(watchos);"
UIButton,instance_method,attributedTitleForState,1,byAttributedTitleForState,attributedtitleforstate,,NO,System/Library/Frameworks/UIKit.framework/Headers/UIButton.h,128,- (nullable NSAttributedString *)attributedTitleForState:(UIControlState)state API_AVAILABLE(ios(6.0));
UIButton,property,currentTitle,,byCurrentTitle,currenttitle,YES,NO,System/Library/Frameworks/UIKit.framework/Headers/UIButton.h,134,"@property(nullable, nonatomic,readonly,strong) NSString *currentTitle;"
UIButton,property,currentTitleColor,,byCurrentTitleColor,currenttitlecolor,YES,NO,System/Library/Frameworks/UIKit.framework/Headers/UIButton.h,135,"@property(nonatomic,readonly,strong) UIColor *currentTitleColor;"
UIButton,property,currentTitleShadowColor,,byCurrentTitleShadowColor,currenttitleshadowcolor,YES,NO,System/Library/Frameworks/UIKit.framework/Headers/UIButton.h,136,"@property(nullable, nonatomic,readonly,strong) UIColor *currentTitleShadowColor;"
UIButton,property,currentImage,,byCurrentImage,currentimage,YES,NO,System/Library/Frameworks/UIKit.framework/Headers/UIButton.h,137,"@property(nullable, nonatomic,readonly,strong) UIImage *currentImage;"
UIButton,property,currentBackgroundImage,,byCurrentBackgroundImage,currentbackgroundimage,YES,NO,System/Library/Frameworks/UIKit.framework/Headers/UIButton.h,138,"@property(nullable, nonatomic,readonly,strong) UIImage *currentBackgroundImage;"
UIButton,property,currentPreferredSymbolConfiguration,,byCurrentPreferredSymbolConfiguration,currentpreferredsymbolconfiguration,YES,NO,System/Library/Frameworks/UIKit.framework/Headers/UIButton.h,139,"@property(nullable, nonatomic,readonly,strong) UIImageSymbolConfiguration *currentPreferredSymbolConfiguration API_AVAILABLE(ios(13.0), tvos(13.0)) API_UNAVAILABLE(watchos);"
UIButton,property,currentAttributedTitle,,byCurrentAttributedTitle,currentattributedtitle,YES,NO,System/Library/Frameworks/UIKit.framework/Headers/UIButton.h,140,"@property(nullable, nonatomic,readonly,strong) NSAttributedString *currentAttributedTitle API_AVAILABLE(ios(6.0));"
UIButton,property,titleLabel,,byTitleLabel,titlelabel,YES,NO,System/Library/Frameworks/UIKit.framework/Headers/UIButton.h,143,"@property(nullable, nonatomic,readonly,strong) UILabel *titleLabel API_AVAILABLE(ios(3.0));"
UIButton,property,imageView,,byImageView,imageview,YES,NO,System/Library/Frameworks/UIKit.framework/Headers/UIButton.h,144,"@property(nullable, nonatomic,readonly,strong) UIImageView *imageView API_AVAILABLE(ios(3.0));"
UIButton,property,subtitleLabel,,bySubtitleLabel,subtitlelabel,YES,NO,System/Library/Frameworks/UIKit.framework/Headers/UIButton.h,146,"@property(nonatomic, readonly, strong, nullable) UILabel *subtitleLabel API_AVAILABLE(ios(15.0), tvos(15.0)) API_UNAVAILABLE(watchos);"
UIButton,property,font,,byFont,font,NO,NO,System/Library/Frameworks/UIKit.framework/Headers/UIButton.h,152,"@property(nonatomic,strong) UIFont *font API_DEPRECATED(""Specify an attributed title with a custom font"", ios(2.0, 3.0)) API_UNAVAILABLE(tvos) API_UNAVAILABLE(visionos, watchos);"
UIButton,property,lineBreakMode,,byLineBreakMode,linebreakmode,NO,NO,System/Library/Frameworks/UIKit.framework/Headers/UIButton.h,153,"@property(nonatomic) NSLineBreakMode lineBreakMode API_DEPRECATED(""Specify an attributed title with a customized paragraph style"", ios(2.0, 3.0)) API_UNAVAILABLE(tvos) API_UNAVAILABLE(visionos, watchos);"
UIButton,property,titleShadowOffset,,byTitleShadowOffset,titleshadowoffset,NO,NO,System/Library/Frameworks/UIKit.framework/Headers/UIButton.h,154,"@property(nonatomic) CGSize titleShadowOffset API_DEPRECATED(""Specify an attributed title with a customized shadow style"", ios(2.0, 3.0)) API_UNAVAILABLE(tvos) API_UNAVAILABLE(visionos, watchos);"
UIButton,property,contentEdgeInsets,,byContentEdgeInsets,contentedgeinsets,NO,NO,System/Library/Frameworks/UIKit.framework/Headers/UIButton.h,157,"@property(nonatomic) UIEdgeInsets contentEdgeInsets API_DEPRECATED(""This property is ignored when using UIButtonConfiguration"", ios(2.0,15.0), tvos(2.0,15.0), visionos(1.0, 1.0)) UI_APPEARANCE_SELECTOR API_UNAVAILABLE(watchos);"
UIButton,property,titleEdgeInsets,,byTitleEdgeInsets,titleedgeinsets,NO,NO,System/Library/Frameworks/UIKit.framework/Headers/UIButton.h,158,"@property(nonatomic) UIEdgeInsets titleEdgeInsets API_DEPRECATED(""This property is ignored when using UIButtonConfiguration"", ios(2.0, 15.0), tvos(2.0, 15.0), visionos(1.0, 1.0)) API_UNAVAILABLE(watchos);"
UIButton,property,imageEdgeInsets,,byImageEdgeInsets,imageedgeinsets,NO,NO,System/Library/Frameworks/UIKit.framework/Headers/UIButton.h,159,"@property(nonatomic) UIEdgeInsets imageEdgeInsets API_DEPRECATED(""This property is ignored when using UIButtonConfiguration"", ios(2.0, 15.0), tvos(2.0, 15.0), visionos(1.0, 1.0)) API_UNAVAILABLE(watchos);"
UIButton,property,reversesTitleShadowWhenHighlighted,,byReversesTitleShadowWhenHighlighted,reversestitleshadowwhenhighlighted,NO,NO,System/Library/Frameworks/UIKit.framework/Headers/UIButton.h,162,"@property(nonatomic) BOOL reversesTitleShadowWhenHighlighted API_DEPRECATED(""This property is ignored when using UIButtonConfiguration, you may customize to replicate this behavior via a configurationUpdateHandler"", ios(2.0, 15.0), tvos(2.0, 15.0), visionos(1.0, 1.0)) API_UNAVAILABLE(watchos);"
UIButton,property,adjustsImageWhenHighlighted,,byAdjustsImageWhenHighlighted,adjustsimagewhenhighlighted,NO,NO,System/Library/Frameworks/UIKit.framework/Headers/UIButton.h,163,"@property(nonatomic) BOOL adjustsImageWhenHighlighted API_DEPRECATED(""This property is ignored when using UIButtonConfiguration, you may customize to replicate this behavior via a configurationUpdateHandler"", ios(2.0, 15.0), tvos(2.0, 15.0), visionos(1.0, 1.0)) API_UNAVAILABLE(watchos);"
UIButton,property,adjustsImageWhenDisabled,,byAdjustsImageWhenDisabled,adjustsimagewhendisabled,NO,NO,System/Library/Frameworks/UIKit.framework/Headers/UIButton.h,164,"@property(nonatomic) BOOL adjustsImageWhenDisabled API_DEPRECATED(""This property is ignored when using UIButtonConfiguration, you may customize to replicate this behavior via a configurationUpdateHandler"", ios(2.0, 15.0), tvos(2.0, 15.0), visionos(1.0, 1.0)) API_UNAVAILABLE(watchos);"
UIButton,property,showsTouchWhenHighlighted,,byShowsTouchWhenHighlighted,showstouchwhenhighlighted,NO,NO,System/Library/Frameworks/UIKit.framework/Headers/UIButton.h,167,"@property(nonatomic) BOOL showsTouchWhenHighlighted API_DEPRECATED(""This property is ignored when using UIButtonConfiguration"", ios(2.0, 15.0), visionos(1.0, 1.0)) API_UNAVAILABLE(tvos) API_UNAVAILABLE(watchos);"
UIButton,instance_method,backgroundRectForBounds,1,byBackgroundRectForBounds,backgroundrectforbounds,,NO,System/Library/Frameworks/UIKit.framework/Headers/UIButton.h,171,"- (CGRect)backgroundRectForBounds:(CGRect)bounds API_DEPRECATED(""Override layoutSubviews, call super, and position views as you desire."", ios(2.0, 15.0), tvos(2.0, 15.0), visionos(1.0, 1.0)) API_UNAVAILABLE(watchos);"
UIButton,instance_method,contentRectForBounds,1,byContentRectForBounds,contentrectforbounds,,NO,System/Library/Frameworks/UIKit.framework/Headers/UIButton.h,172,"- (CGRect)contentRectForBounds:(CGRect)bounds API_DEPRECATED(""Override layoutSubviews, call super, and position views as you desire."", ios(2.0, 15.0), tvos(2.0, 15.0), visionos(1.0, 1.0)) API_UNAVAILABLE(watchos);"
UIButton,instance_method,titleRectForContentRect,1,byTitleRectForContentRect,titlerectforcontentrect,,NO,System/Library/Frameworks/UIKit.framework/Headers/UIButton.h,173,"- (CGRect)titleRectForContentRect:(CGRect)contentRect API_DEPRECATED(""Override layoutSubviews, call super, and position views as you desire."", ios(2.0, 15.0), tvos(2.0, 15.0), visionos(1.0, 1.0)) API_UNAVAILABLE(watchos);"
UIButton,instance_method,imageRectForContentRect,1,byImageRectForContentRect,imagerectforcontentrect,,NO,System/Library/Frameworks/UIKit.framework/Headers/UIButton.h,174,"- (CGRect)imageRectForContentRect:(CGRect)contentRect API_DEPRECATED(""Override layoutSubviews, call super, and position views as you desire."", ios(2.0, 15.0), tvos(2.0, 15.0), visionos(1.0, 1.0)) API_UNAVAILABLE(watchos);"
UISearchBar,property,barStyle,,byBarStyle,barstyle,NO,NO,System/Library/Frameworks/UIKit.framework/Headers/UISearchBar.h,50,@property(nonatomic) UIBarStyle barStyle API_UNAVAILABLE(tvos);
UISearchBar,property,delegate,,byDelegate,delegate,NO,NO,System/Library/Frameworks/UIKit.framework/Headers/UISearchBar.h,51,"@property(nullable,nonatomic,weak) id<UISearchBarDelegate> delegate;"
UISearchBar,property,text,,byText,text,NO,NO,System/Library/Frameworks/UIKit.framework/Headers/UISearchBar.h,52,"@property(nullable,nonatomic,copy) NSString *text;"
UISearchBar,property,prompt,,byPrompt,prompt,NO,NO,System/Library/Frameworks/UIKit.framework/Headers/UISearchBar.h,53,"@property(nullable,nonatomic,copy) NSString *prompt;"
UISearchBar,property,placeholder,,byPlaceholder,placeholder,NO,NO,System/Library/Frameworks/UIKit.framework/Headers/UISearchBar.h,54,"@property(nullable,nonatomic,copy) NSString *placeholder;"
UISearchBar,property,showsBookmarkButton,,byShowsBookmarkButton,showsbookmarkbutton,NO,NO,System/Library/Frameworks/UIKit.framework/Headers/UISearchBar.h,55,@property(nonatomic) BOOL showsBookmarkButton API_UNAVAILABLE(tvos);
UISearchBar,property,searchTextField,,bySearchTextField,searchtextfield,YES,NO,System/Library/Frameworks/UIKit.framework/Headers/UISearchBar.h,56,"@property(nonatomic,readonly) UISearchTextField *searchTextField API_AVAILABLE(ios(13.0)) API_UNAVAILABLE(tvos,watchos);"
UISearchBar,property,showsCancelButton,,byShowsCancelButton,showscancelbutton,NO,NO,System/Library/Frameworks/UIKit.framework/Headers/UISearchBar.h,59,@property(nonatomic) BOOL showsCancelButton API_UNAVAILABLE(tvos);
UISearchBar,property,showsSearchResultsButton,,byShowsSearchResultsButton,showssearchresultsbutton,NO,NO,System/Library/Frameworks/UIKit.framework/Headers/UISearchBar.h,61,@property(nonatomic) BOOL showsSearchResultsButton API_AVAILABLE(ios(3.2)) API_UNAVAILABLE(tvos);
UISearchBar,property,searchResultsButtonSelected,,bySearchResultsButtonSelected,searchresultsbuttonselected,NO,NO,System/Library/Frameworks/UIKit.framework/Headers/UISearchBar.h,62,"@property(nonatomic, getter=isSearchResultsButtonSelected) BOOL searchResultsButtonSelected API_AVAILABLE(ios(3.2)) API_UNAVAILABLE(tvos);"
UISearchBar,property,inputAssistantItem,,byInputAssistantItem,inputassistantitem,YES,NO,System/Library/Frameworks/UIKit.framework/Headers/UISearchBar.h,68,"@property (nonatomic, readonly, strong) UITextInputAssistantItem *inputAssistantItem API_AVAILABLE(ios(9.0), visionos(2.0)) API_UNAVAILABLE(tvos) API_UNAVAILABLE(watchos);"
UISearchBar,property,tintColor,,byTintColor,tintcolor,NO,NO,System/Library/Frameworks/UIKit.framework/Headers/UISearchBar.h,71,"@property(null_resettable, nonatomic,strong) UIColor *tintColor;"
UISearchBar,property,barTintColor,,byBarTintColor,bartintcolor,NO,NO,System/Library/Frameworks/UIKit.framework/Headers/UISearchBar.h,72,"@property(nullable, nonatomic,strong) UIColor *barTintColor API_AVAILABLE(ios(7.0)) UI_APPEARANCE_SELECTOR;"
UISearchBar,property,searchBarStyle,,bySearchBarStyle,searchbarstyle,NO,NO,System/Library/Frameworks/UIKit.framework/Headers/UISearchBar.h,74,@property (nonatomic) UISearchBarStyle searchBarStyle API_AVAILABLE(ios(7.0));
UISearchBar,property,translucent,,byTranslucent,translucent,NO,NO,System/Library/Frameworks/UIKit.framework/Headers/UISearchBar.h,77,"@property(nonatomic,assign,getter=isTranslucent) BOOL translucent API_AVAILABLE(ios(3.0));"
UISearchBar,property,scopeButtonTitles,,byScopeButtonTitles,scopebuttontitles,NO,NO,System/Library/Frameworks/UIKit.framework/Headers/UISearchBar.h,79,"@property(nullable, nonatomic,copy) NSArray<NSString *> *scopeButtonTitles API_AVAILABLE(ios(3.0));"
UISearchBar,property,selectedScopeButtonIndex,,bySelectedScopeButtonIndex,selectedscopebuttonindex,NO,NO,System/Library/Frameworks/UIKit.framework/Headers/UISearchBar.h,80,@property(nonatomic) NSInteger selectedScopeButtonIndex API_AVAILABLE(ios(3.0));
UISearchBar,property,showsScopeBar,,byShowsScopeBar,showsscopebar,NO,NO,System/Library/Frameworks/UIKit.framework/Headers/UISearchBar.h,83,@property(nonatomic) BOOL showsScopeBar API_AVAILABLE(ios(3.0));
UISearchBar,property,inputAccessoryView,,byInputAccessoryView,inputaccessoryview,NO,NO,System/Library/Frameworks/UIKit.framework/Headers/UISearchBar.h,87,"@property (nullable, nonatomic, readwrite, strong) UIView *inputAccessoryView API_UNAVAILABLE(visionos);"
UISearchBar,property,enabled,,byEnabled,enabled,NO,NO,System/Library/Frameworks/UIKit.framework/Headers/UISearchBar.h,92,"@property (nonatomic, getter=isEnabled) BOOL enabled API_AVAILABLE(ios(16.4), tvos(16.4)) API_UNAVAILABLE(watchos);"
UISearchBar,property,backgroundImage,,byBackgroundImage,backgroundimage,NO,NO,System/Library/Frameworks/UIKit.framework/Headers/UISearchBar.h,95,"@property(nullable, nonatomic,strong) UIImage *backgroundImage API_AVAILABLE(ios(5.0)) UI_APPEARANCE_SELECTOR;"
UISearchBar,property,scopeBarBackgroundImage,,byScopeBarBackgroundImage,scopebarbackgroundimage,NO,NO,System/Library/Frameworks/UIKit.framework/Headers/UISearchBar.h,96,"@property(nullable, nonatomic,strong) UIImage *scopeBarBackgroundImage API_AVAILABLE(ios(5.0)) UI_APPEARANCE_SELECTOR;"
UISearchBar,instance_method,searchFieldBackgroundImageForState,1,bySearchFieldBackgroundImageForState,searchfieldbackgroundimageforstate,,NO,System/Library/Frameworks/UIKit.framework/Headers/UISearchBar.h,106,- (nullable UIImage *)searchFieldBackgroundImageForState:(UIControlState)state API_AVAILABLE(ios(5.0)) UI_APPEARANCE_SELECTOR;
UISearchBar,instance_method,scopeBarButtonBackgroundImageForState,1,byScopeBarButtonBackgroundImageForState,scopebarbuttonbackgroundimageforstate,,NO,System/Library/Frameworks/UIKit.framework/Headers/UISearchBar.h,117,- (nullable UIImage *)scopeBarButtonBackgroundImageForState:(UIControlState)state API_AVAILABLE(ios(5.0)) UI_APPEARANCE_SELECTOR;
UISearchBar,instance_method,scopeBarButtonTitleTextAttributesForState,1,byScopeBarButtonTitleTextAttributesForState,scopebarbuttontitletextattributesforstate,,NO,System/Library/Frameworks/UIKit.framework/Headers/UISearchBar.h,125,"- (nullable NSDictionary<NSAttributedStringKey, id> *)scopeBarButtonTitleTextAttributesForState:(UIControlState)state API_AVAILABLE(ios(5.0)) UI_APPEARANCE_SELECTOR;"
UISearchBar,property,searchFieldBackgroundPositionAdjustment,,bySearchFieldBackgroundPositionAdjustment,searchfieldbackgroundpositionadjustment,NO,NO,System/Library/Frameworks/UIKit.framework/Headers/UISearchBar.h,128,@property(nonatomic) UIOffset searchFieldBackgroundPositionAdjustment API_AVAILABLE(ios(5.0)) UI_APPEARANCE_SELECTOR;
UISearchBar,property,searchTextPositionAdjustment,,bySearchTextPositionAdjustment,searchtextpositionadjustment,NO,NO,System/Library/Frameworks/UIKit.framework/Headers/UISearchBar.h,131,@property(nonatomic) UIOffset searchTextPositionAdjustment API_AVAILABLE(ios(5.0)) UI_APPEARANCE_SELECTOR;
UISearchBar,instance_method,positionAdjustmentForSearchBarIcon,1,byPositionAdjustmentForSearchBarIcon,positionadjustmentforsearchbaricon,,NO,System/Library/Frameworks/UIKit.framework/Headers/UISearchBar.h,135,- (UIOffset)positionAdjustmentForSearchBarIcon:(UISearchBarIcon)icon API_AVAILABLE(ios(5.0)) UI_APPEARANCE_SELECTOR;
UISearchBar,property,lookToDictateEnabled,,byLookToDictateEnabled,looktodictateenabled,NO,NO,System/Library/Frameworks/UIKit.framework/Headers/UISearchBar.h,137,"@property (nonatomic, getter=isLookToDictateEnabled) BOOL lookToDictateEnabled API_AVAILABLE(visionos(1.0), ios(17.0)) API_UNAVAILABLE(tvos, watchos, macos);"
