source_module	target_module	edge_kind	weight
JobsByPods/JobsBlock@Pods	JobsByPods/JobsBluetooth@Pods	calls	3264
JobsByPods/JobsAPIs@Pods	JobsByPods/JobsBlock@Pods	calls	682
JobsByPods/JobsAppDoor@Pods	JobsByPods/JobsModelDSL@Pods	calls	397
JobsByPods/JobsAppDoor@Pods	JobsByPods/JobsOCDefs@Pods	calls	385
JobsByPods/JobsBaseUI@Pods	JobsByPods/JobsOCDSL@Pods	calls	342
JobsByPods/JobsByOCPods@Pods	JobsByPods/JobsOCDSL@Pods	calls	323
JobsByPods/JobsBaseUI@Pods	JobsByPods/JobsBlock@Pods	calls	293
JobsByPods/JobsAppDoor@Pods	JobsByPods/GKCustomNavigationBarExtra@Pods	calls	278
JobsByPods/JobsAppDoor@Pods	JobsByPods/JobsOCDSL@Pods	calls	274
JobsByPods/JobsBaseUI@Pods	JobsByPods/JobsModelDSL@Pods	calls	255
JobsByPods/JobsBaseUI@Pods	JobsByPods/JobsOCDefs@Pods	calls	219
JobsByPods/JobsBaseUI@Pods	JobsByPods/GKCustomNavigationBarExtra@Pods	calls	182
JobsByPods/JobsBaseUI@Pods	JobsByPods/ManualByOCPods@Pods	calls	172
JobsByPods/JobsAppDoor@Pods	JobsByPods/ManualByOCPods@Pods	calls	170
JobsByPods/JobsByOCPods@Pods	JobsByPods/GKCustomNavigationBarExtra@Pods	calls	164
JobsByPods/JobsByOCPods@Pods	JobsByPods/JobsModelDSL@Pods	calls	158
JobsByPods/JobsAppDoor@Pods	JobsByPods/JobsBaseUI@Pods	calls	154
JobsByPods/JobsFuseAnimation@Pods	JobsByPods/JobsOCDSL@Pods	calls	148
JobsByPods/JobsByOCPods@Pods	JobsByPods/JobsMakes@Pods	calls	144
JobsByPods/JobsAppDoor@Pods	JobsByPods/JobsBlock@Pods	calls	137
JobsByPods/JobsLinkageMenuView@Pods	JobsByPods/GKCustomNavigationBarExtra@Pods	calls	137
JobsByPods/JobsByOCPods@Pods	JobsByPods/JobsOCDefs@Pods	calls	132
JobsByPods/JobsBaseUI@Pods	JobsByPods/JobsByOCPods@Pods	calls	109
JobsByPods/JobsByOCPods@Pods	JobsByPods/JobsBlock@Pods	calls	102
JobsByPods/JobsByOCPods@Pods	JobsByPods/ManualByOCPods@Pods	calls	97
JobsByPods/JobsMakes@Pods	JobsByPods/JobsOCDSL@Pods	calls	97
JobsByPods/JobsBaseUI@Pods	JobsByPods/JobsMakes@Pods	calls	96
JobsByPods/JobsDropDownListView@Pods	JobsByPods/JobsOCDSL@Pods	calls	88
JobsByPods/JobsCustomView@Pods	JobsByPods/GKCustomNavigationBarExtra@Pods	calls	87
JobsByPods/JobsAppDoor@Pods	JobsByPods/JobsNavigationTransitionMgr@Pods	calls	77
JobsByPods/JobsAppDoor@Pods	JobsByPods/JobsByOCPods@Pods	calls	76
JobsByPods/JobsCustomView@Pods	JobsByPods/JobsOCDefs@Pods	calls	73
JobsByPods/JobsByOCPods@Pods	JobsByPods/JobsStringUtils@Pods	calls	70
JobsByPods/JobsBasePopupView@Pods	JobsByPods/GKCustomNavigationBarExtra@Pods	calls	67
JobsByPods/JobsBaseUI@Pods	JobsByPods/JobsStringUtils@Pods	calls	64
JobsByPods/JobsBaseUI@Pods	JobsByPods/JobsModel@Pods	calls	62
JobsByPods/GKCustomNavigationBarExtra@Pods	JobsByPods/JobsModelDSL@Pods	calls	57
JobsByPods/JobsBasePopupView@Pods	JobsByPods/JobsModelDSL@Pods	calls	53
JobsByPods/JobsCustomView@Pods	JobsByPods/JobsOCDSL@Pods	calls	52
JobsByPods/JobsLinkageMenuView@Pods	JobsByPods/JobsOCDefs@Pods	calls	50
JobsByPods/JobsBasePopupView@Pods	JobsByPods/JobsOCDSL@Pods	calls	48
JobsByPods/JobsByOCPods@Pods	JobsByPods/JobsBaseUI@Pods	calls	48
JobsByPods/JobsLinkageMenuView@Pods	JobsByPods/JobsOCDSL@Pods	calls	48
JobsByPods/JobsCustomView@Pods	JobsByPods/ManualByOCPods@Pods	calls	47
JobsByPods/JobsBasePopupView@Pods	JobsByPods/JobsStringUtils@Pods	calls	46
JobsByPods/JobsCryptography@Pods	JobsByPods/GKCustomNavigationBarExtra@Pods	calls	46
JobsByPods/GKCustomNavigationBarExtra@Pods	JobsByPods/JobsOCDSL@Pods	calls	45
JobsByPods/JobsByOCPods@Pods	JobsByPods/JobsModel@Pods	calls	45
JobsByPods/GKCustomNavigationBarExtra@Pods	JobsByPods/JobsStringUtils@Pods	calls	44
JobsByPods/JobsDropDownListView@Pods	JobsByPods/JobsOCDefs@Pods	calls	43
JobsByPods/JobsByOCPods@Pods	JobsByPods/JobsMenuView@Pods	calls	41
JobsByPods/JobsBasePopupView@Pods	JobsByPods/JobsBlock@Pods	calls	40
JobsByPods/JobsAPIs@Pods	JobsByPods/JobsStringUtils@Pods	calls	39
JobsByPods/JobsAppDoor@Pods	JobsByPods/JobsModel@Pods	calls	39
JobsByPods/JobsBaseUI@Pods	JobsByPods/JobsNavigationTransitionMgr@Pods	calls	39
JobsByPods/JobsCustomView@Pods	JobsByPods/JobsMakes@Pods	calls	39
JobsByPods/JobsCustomView@Pods	JobsByPods/JobsStringUtils@Pods	calls	39
JobsByPods/GKCustomNavigationBarExtra@Pods	JobsByPods/JobsOCDefs@Pods	calls	37
JobsByPods/JobsBaseUI@Pods	JobsByPods/JobsMenuView@Pods	calls	37
JobsByPods/JobsLinkageMenuView@Pods	JobsByPods/JobsStringUtils@Pods	calls	37
JobsByPods/GKCustomNavigationBarExtra@Pods	JobsByPods/ManualByOCPods@Pods	calls	36
JobsByPods/JobsLinkageMenuView@Pods	JobsByPods/JobsMakes@Pods	calls	35
JobsByPods/JobsGestureLock@Pods	JobsByPods/JobsOCDSL@Pods	calls	34
JobsByPods/GKCustomNavigationBarExtra@Pods	JobsByPods/MJRefreshExtra@Pods	calls	33
JobsByPods/JobsBaseUI@Pods	JobsByPods/JobsBitsMonitor@Pods	calls	33
JobsByPods/JobsBaseUI@Pods	JobsByPods/MJRefreshExtra@Pods	calls	33
JobsByPods/JobsByOCPods@Pods	JobsByPods/BRPickerViewExtra@Pods	calls	33
JobsByPods/JobsByOCPods@Pods	JobsByPods/MJRefreshExtra@Pods	calls	33
JobsByPods/JobsCustomView@Pods	JobsByPods/MJRefreshExtra@Pods	calls	33
JobsByPods/JobsLinkageMenuView@Pods	JobsByPods/MJRefreshExtra@Pods	calls	33
JobsByPods/JobsMarqueeView@Pods	JobsByPods/GKCustomNavigationBarExtra@Pods	calls	33
JobsByPods/JobsBasePopupView@Pods	JobsByPods/JobsOCDefs@Pods	calls	32
JobsByPods/JobsLinkageMenuView@Pods	JobsByPods/JobsModelDSL@Pods	calls	32
JobsByPods/GKCustomNavigationBarExtra@Pods	JobsByPods/JobsMakes@Pods	calls	30
JobsByPods/JobsCustomView@Pods	JobsByPods/JobsModelDSL@Pods	calls	30
JobsByPods/JobsFuseAnimation@Pods	JobsByPods/JobsModelDSL@Pods	calls	30
JobsByPods/GKCustomNavigationBarExtra@Pods	JobsByPods/JobsModel@Pods	calls	29
JobsByPods/JobsAppDoor@Pods	JobsByPods/JobsMakes@Pods	calls	29
JobsByPods/JobsGestureLock@Pods	JobsByPods/GKCustomNavigationBarExtra@Pods	calls	29
JobsByPods/JobsLinkageMenuView@Pods	JobsByPods/JobsBaseUI@Pods	calls	29
JobsByPods/JobsBasePopupView@Pods	JobsByPods/JobsMakes@Pods	calls	28
JobsByPods/JobsBasePopupView@Pods	JobsByPods/JobsModel@Pods	calls	28
JobsByPods/FileFolderHandleTool@Pods	JobsByPods/GKCustomNavigationBarExtra@Pods	calls	27
JobsByPods/JobsMarqueeView@Pods	JobsByPods/JobsOCDSL@Pods	calls	27
JobsByPods/GKCustomNavigationBarExtra@Pods	JobsByPods/JobsBlock@Pods	calls	26
JobsByPods/JobsBitsMonitor@Pods	JobsByPods/JobsModelDSL@Pods	calls	26
JobsByPods/JobsCustomView@Pods	JobsByPods/JobsBlock@Pods	calls	26
JobsByPods/GKCustomNavigationBarExtra@Pods	JobsByPods/JobsBaseUI@Pods	calls	25
JobsByPods/JobsFuseAnimation@Pods	JobsByPods/JobsBlock@Pods	calls	25
JobsByPods/JobsBasePopupView@Pods	JobsByPods/ManualByOCPods@Pods	calls	24
JobsByPods/JobsHotLabel@Pods	JobsByPods/JobsBaseUI@Pods	calls	23
JobsByPods/JobsLinkageMenuView@Pods	JobsByPods/JobsBlock@Pods	calls	23
JobsByPods/JobsLinkageMenuView@Pods	JobsByPods/JobsModel@Pods	calls	23
JobsByPods/JobsBaseUI@Pods	JobsByPods/JobsRichTextUtils@Pods	calls	22
JobsByPods/JobsCustomView@Pods	JobsByPods/JobsModel@Pods	calls	22
JobsByPods/JobsDeviceInfo@Pods	JobsByPods/JobsBlock@Pods	calls	22
JobsByPods/JobsHotLabel@Pods	JobsByPods/JobsOCDSL@Pods	calls	22
JobsByPods/JobsClockView@Pods	JobsByPods/JobsOCDSL@Pods	calls	21
JobsByPods/JobsAppDoor@Pods	JobsByPods/JobsOCKeyboardMgr@Pods	calls	20
JobsByPods/JobsLinkageMenuView@Pods	JobsByPods/ManualByOCPods@Pods	calls	20
JobsByPods/JobsByOCPods@Pods	JobsByPods/JobsOCRuntimeKits@Pods	calls	19
JobsByPods/JobsDropDownListView@Pods	JobsByPods/JobsModelDSL@Pods	calls	19
JobsByPods/JobsHotLabel@Pods	JobsByPods/JobsOCDefs@Pods	calls	19
JobsByPods/JobsAppDoor@Pods	JobsByPods/JobsBitsMonitor@Pods	calls	18
JobsByPods/JobsBaseUI@Pods	JobsByPods/JobsBasePopupView@Pods	calls	18
JobsByPods/JobsAPIs@Pods	JobsByPods/JobsModelDSL@Pods	calls	17
JobsByPods/JobsAppDoor@Pods	JobsByPods/BRPickerViewExtra@Pods	calls	17
JobsByPods/JobsAppDoor@Pods	JobsByPods/UIBaseTextFieldDSL@Pods	calls	17
JobsByPods/JobsBaseUI@Pods	JobsByPods/BRPickerViewExtra@Pods	calls	17
JobsByPods/JobsDeviceInfo@Pods	JobsByPods/JobsStringUtils@Pods	calls	17
JobsByPods/JobsDropDownListView@Pods	JobsByPods/JobsBaseUI@Pods	calls	17
JobsByPods/JobsMarqueeView@Pods	JobsByPods/JobsOCTimerMgr@Pods	calls	17
JobsByPods/GKCustomNavigationBarExtra@Pods	JobsByPods/JobsMenuView@Pods	calls	16
JobsByPods/JobsCryptography@Pods	JobsByPods/JobsMakes@Pods	calls	16
JobsByPods/FileFolderHandleTool@Pods	JobsByPods/JobsByOCPods@Pods	calls	15
JobsByPods/JobsByOCPods@Pods	JobsByPods/JobsClass@Pods	calls	15
JobsByPods/JobsDropDownListView@Pods	JobsByPods/JobsMakes@Pods	calls	15
JobsByPods/JobsAPIs@Pods	JobsByPods/GKCustomNavigationBarExtra@Pods	calls	14
JobsByPods/JobsBitsMonitor@Pods	JobsByPods/JobsOCDefs@Pods	calls	14
JobsByPods/JobsCustomView@Pods	JobsByPods/JobsMenuView@Pods	calls	14
JobsByPods/JobsFuseAnimation@Pods	JobsByPods/JobsByOCPods@Pods	calls	14
JobsByPods/JobsLinkageMenuView@Pods	JobsByPods/JobsMenuView@Pods	calls	14
JobsByPods/JobsDropDownListView@Pods	JobsByPods/GKCustomNavigationBarExtra@Pods	calls	13
JobsByPods/JobsFiltrationView@Pods	JobsByPods/JobsModelDSL@Pods	calls	13
JobsByPods/JXCategoryViewExtra@Pods	JobsByPods/JobsOCDSL@Pods	calls	12
JobsByPods/JobsAPIs@Pods	JobsByPods/YTKNetworkExtra@Pods	calls	12
JobsByPods/JobsAppDoor@Pods	JobsByPods/JobsOCGraphicCaptcha@Pods	calls	12
JobsByPods/JobsByOCPods@Pods	JobsByPods/JobsNavigationTransitionMgr@Pods	calls	12
JobsByPods/JobsFiltrationView@Pods	JobsByPods/JobsOCDefs@Pods	calls	12
JobsByPods/JobsHotLabel@Pods	JobsByPods/JobsModelDSL@Pods	calls	12
JobsByPods/JobsHotLabel@Pods	JobsByPods/ManualByOCPods@Pods	calls	12
JobsByPods/JobsImageRotation@Pods	JobsByPods/JobsOCDSL@Pods	calls	12
JobsByPods/JXCategoryViewExtra@Pods	JobsByPods/JobsBlock@Pods	calls	11
JobsByPods/JobsByOCPods@Pods	JobsByPods/JobsRichTextUtils@Pods	calls	11
JobsByPods/JobsClockView@Pods	JobsByPods/GKCustomNavigationBarExtra@Pods	calls	11
JobsByPods/JobsMenuView@Pods	JobsByPods/JobsBlock@Pods	calls	11
JobsByPods/JobsMenuView@Pods	JobsByPods/JobsOCDefs@Pods	calls	11
JobsByPods/JobsAppDoor@Pods	JobsByPods/ZFPlayerExtra@Pods	calls	10
JobsByPods/JobsBaseUI@Pods	JobsByPods/SZTextViewExtra@Pods	calls	10
JobsByPods/JobsBitsMonitor@Pods	JobsByPods/BRPickerViewExtra@Pods	calls	10
JobsByPods/JobsBitsMonitor@Pods	JobsByPods/JobsBaseUI@Pods	calls	10
JobsByPods/JobsByOCPods@Pods	JobsByPods/FDFullscreenPopGesture@Pods	calls	10
JobsByPods/JobsCustomView@Pods	JobsByPods/BRPickerViewExtra@Pods	calls	10
JobsByPods/JobsDeviceInfo@Pods	JobsByPods/GKCustomNavigationBarExtra@Pods	calls	10
JobsByPods/JobsHotLabel@Pods	JobsByPods/GKCustomNavigationBarExtra@Pods	calls	10
JobsByPods/JobsLuckyEnvelopeRain@Pods	JobsByPods/JobsByOCPods@Pods	calls	10
JobsByPods/GKCustomNavigationBarExtra@Pods	JobsByPods/JobsByOCPods@Pods	calls	9
JobsByPods/JXCategoryViewExtra@Pods	JobsByPods/JobsOCDefs@Pods	calls	9
JobsByPods/JobsAppDoor@Pods	JobsByPods/FDFullscreenPopGesture@Pods	calls	9
JobsByPods/JobsAppDoor@Pods	JobsByPods/IQKeyboardManagerExtra@Pods	calls	9
JobsByPods/JobsBasePopupView@Pods	JobsByPods/JobsByOCPods@Pods	calls	9
JobsByPods/JobsBaseUI@Pods	JobsByPods/JobsOCRuntimeKits@Pods	calls	9
JobsByPods/JobsByOCPods@Pods	JobsByPods/JobsAPIs@Pods	calls	9
JobsByPods/JobsByOCPods@Pods	JobsByPods/JobsFuseAnimation@Pods	calls	9
JobsByPods/JobsCountdownBtn@Pods	JobsByPods/JobsByOCPods@Pods	calls	9
JobsByPods/JobsCryptography@Pods	JobsByPods/JobsByOCPods@Pods	calls	9
JobsByPods/JobsCustomView@Pods	JobsByPods/JobsNavigationTransitionMgr@Pods	calls	9
JobsByPods/JobsDropDownListView@Pods	JobsByPods/JobsByOCPods@Pods	calls	9
JobsByPods/JobsFiltrationView@Pods	JobsByPods/JobsBlock@Pods	calls	9
JobsByPods/JobsHotLabel@Pods	JobsByPods/JobsBlock@Pods	calls	9
JobsByPods/JobsAppDoor@Pods	JobsByPods/JobsStringUtils@Pods	calls	8
JobsByPods/JobsBaseUI@Pods	JobsByPods/JXCategoryViewExtra@Pods	calls	8
JobsByPods/JobsCountdownBtn@Pods	JobsByPods/GKCustomNavigationBarExtra@Pods	calls	8
JobsByPods/JobsCustomView@Pods	JobsByPods/JobsBaseUI@Pods	calls	8
JobsByPods/JobsCustomView@Pods	JobsByPods/JobsByOCPods@Pods	calls	8
JobsByPods/JobsGestureLock@Pods	JobsByPods/JobsNavigationTransitionMgr@Pods	calls	8
JobsByPods/JobsHotLabel@Pods	JobsByPods/JobsByOCPods@Pods	calls	8
JobsByPods/JobsLinkageMenuView@Pods	JobsByPods/JXCategoryViewExtra@Pods	calls	8
JobsByPods/JobsMenuView@Pods	JobsByPods/JobsModelDSL@Pods	calls	8
JobsByPods/JobsMenuView@Pods	JobsByPods/JobsOCDSL@Pods	calls	8
JobsByPods/JobsModel@Pods	JobsByPods/JobsOCDSL@Pods	calls	8
JobsByPods/BRPickerViewExtra@Pods	JobsByPods/JobsMenuView@Pods	calls	7
JobsByPods/GKCustomNavigationBarExtra@Pods	JobsByPods/JXCategoryViewExtra@Pods	calls	7
JobsByPods/GKCustomNavigationBarExtra@Pods	JobsByPods/JobsAPIs@Pods	calls	7
JobsByPods/JobsBasePopupView@Pods	JobsByPods/JXCategoryViewExtra@Pods	calls	7
JobsByPods/JobsByOCPods@Pods	JobsByPods/JXCategoryViewExtra@Pods	calls	7
JobsByPods/JobsByOCPods@Pods	JobsByPods/JobsDeviceInfo@Pods	calls	7
JobsByPods/JobsCustomView@Pods	JobsByPods/JXCategoryViewExtra@Pods	calls	7
JobsByPods/JobsDeviceInfo@Pods	JobsByPods/JobsMakes@Pods	calls	7
JobsByPods/JobsDropDownListView@Pods	JobsByPods/ManualByOCPods@Pods	calls	7
JobsByPods/JobsFiltrationView@Pods	JobsByPods/JobsOCDSL@Pods	calls	7
JobsByPods/JobsFuseAnimation@Pods	JobsByPods/GKCustomNavigationBarExtra@Pods	calls	7
JobsByPods/JobsGestureLock@Pods	JobsByPods/JobsBitsMonitor@Pods	calls	7
JobsByPods/JobsGestureLock@Pods	JobsByPods/JobsBlock@Pods	calls	7
JobsByPods/JobsGestureLock@Pods	JobsByPods/JobsByOCPods@Pods	calls	7
JobsByPods/JobsLinkageMenuView@Pods	JobsByPods/JobsByOCPods@Pods	calls	7
JobsByPods/JobsLinkageMenuView@Pods	JobsByPods/JobsNavigationTransitionMgr@Pods	calls	7
JobsByPods/JobsLuckyEnvelopeRain@Pods	JobsByPods/JobsClockView@Pods	calls	7
JobsByPods/JobsMarqueeView@Pods	JobsByPods/JobsModelDSL@Pods	calls	7
JobsByPods/JobsMarqueeView@Pods	JobsByPods/ManualByOCPods@Pods	calls	7
JobsByPods/BRPickerViewExtra@Pods	JobsByPods/ManualByOCPods@Pods	calls	6
JobsByPods/JobsAPIs@Pods	JobsByPods/JobsOCDefs@Pods	calls	6
JobsByPods/JobsAppDoor@Pods	JobsByPods/JobsOCTools@Pods	calls	6
JobsByPods/JobsAppIconRibbon@Pods	JobsByPods/ManualByOCPods@Pods	calls	6
JobsByPods/JobsAppTools@Pods	JobsByPods/JobsModelDSL@Pods	calls	6
JobsByPods/JobsBasePopupView@Pods	JobsByPods/JobsNavigationTransitionMgr@Pods	calls	6
JobsByPods/JobsBaseUI@Pods	JobsByPods/JobsLoadingImage@Pods	calls	6
JobsByPods/JobsBaseUI@Pods	JobsByPods/JobsOCTools@Pods	calls	6
JobsByPods/JobsByOCPods@Pods	JobsByPods/JobsNavBar@Pods	calls	6
JobsByPods/JobsClockView@Pods	JobsByPods/JobsFuseAnimation@Pods	calls	6
JobsByPods/JobsDropDownListView@Pods	JobsByPods/JobsBlock@Pods	calls	6
JobsByPods/JobsDropDownListView@Pods	JobsByPods/JobsClass@Pods	calls	6
JobsByPods/JobsFiltrationView@Pods	JobsByPods/GKCustomNavigationBarExtra@Pods	calls	6
JobsByPods/JobsFiltrationView@Pods	JobsByPods/JobsBaseUI@Pods	calls	6
JobsByPods/JobsLuckyEnvelopeRain@Pods	JobsByPods/JobsOCDSL@Pods	calls	6
JobsByPods/JobsModel@Pods	JobsByPods/JobsLoadingImage@Pods	calls	6
JobsByPods/FileFolderHandleTool@Pods	JobsByPods/JobsStringUtils@Pods	calls	5
JobsByPods/GKCustomNavigationBarExtra@Pods	JobsByPods/BRPickerViewExtra@Pods	calls	5
JobsByPods/JobsAPIs@Pods	JobsByPods/JobsMakes@Pods	calls	5
JobsByPods/JobsAppDoor@Pods	JobsByPods/JobsCountdownBtn@Pods	calls	5
JobsByPods/JobsAppDoor@Pods	JobsByPods/WHToastExtra@Pods	calls	5
JobsByPods/JobsAppTools@Pods	JobsByPods/GKCustomNavigationBarExtra@Pods	calls	5
JobsByPods/JobsAppTools@Pods	JobsByPods/JobsOCDefs@Pods	calls	5
JobsByPods/JobsBasePopupView@Pods	JobsByPods/BRPickerViewExtra@Pods	calls	5
JobsByPods/JobsBasePopupView@Pods	JobsByPods/JobsBaseUI@Pods	calls	5
JobsByPods/JobsBasePopupView@Pods	JobsByPods/JobsRichTextUtils@Pods	calls	5
JobsByPods/JobsBitsMonitor@Pods	JobsByPods/GKCustomNavigationBarExtra@Pods	calls	5
JobsByPods/JobsBitsMonitor@Pods	JobsByPods/JobsNetWorkTools@Pods	calls	5
JobsByPods/JobsByOCPods@Pods	JobsByPods/JobsTimeUtils@Pods	calls	5
JobsByPods/JobsClockView@Pods	JobsByPods/JobsModelDSL@Pods	calls	5
JobsByPods/JobsCustomView@Pods	JobsByPods/JobsDeviceInfo@Pods	calls	5
JobsByPods/JobsDropDownListView@Pods	JobsByPods/JobsNavigationTransitionMgr@Pods	calls	5
JobsByPods/JobsImageNumberView@Pods	JobsByPods/JobsOCDSL@Pods	calls	5
JobsByPods/JobsImageNumberView@Pods	JobsByPods/JobsOCDefs@Pods	calls	5
JobsByPods/JobsImageRotation@Pods	JobsByPods/JobsOCTimer@Pods	calls	5
JobsByPods/JobsLinkageMenuView@Pods	JobsByPods/BRPickerViewExtra@Pods	calls	5
JobsByPods/JobsLinkageMenuView@Pods	JobsByPods/JobsDeviceInfo@Pods	calls	5
JobsByPods/JobsModel@Pods	JobsByPods/BRPickerViewExtra@Pods	calls	5
JobsByPods/JobsModel@Pods	JobsByPods/JobsMakes@Pods	calls	5
JobsByPods/FileFolderHandleTool@Pods	JobsByPods/JobsAPIs@Pods	calls	4
JobsByPods/FileFolderHandleTool@Pods	JobsByPods/JobsMakes@Pods	calls	4
JobsByPods/GKCustomNavigationBarExtra@Pods	JobsByPods/JobsAppDoor@Pods	calls	4
JobsByPods/GKCustomNavigationBarExtra@Pods	JobsByPods/JobsRichTextUtils@Pods	calls	4
JobsByPods/HXPhotoManagerExtra@Pods	JobsByPods/JobsOCDSL@Pods	calls	4
JobsByPods/JXCategoryViewExtra@Pods	JobsByPods/JobsBaseUI@Pods	calls	4
JobsByPods/JobsAPIs@Pods	JobsByPods/BRPickerViewExtra@Pods	calls	4
JobsByPods/JobsAPIs@Pods	JobsByPods/JobsByOCPods@Pods	calls	4
JobsByPods/JobsAppIconRibbon@Pods	JobsByPods/FileFolderHandleTool@Pods	calls	4
JobsByPods/JobsAppIconRibbon@Pods	JobsByPods/GKCustomNavigationBarExtra@Pods	calls	4
JobsByPods/JobsAppTools@Pods	JobsByPods/JobsLuckyEnvelopeRain@Pods	calls	4
JobsByPods/JobsAppTools@Pods	JobsByPods/JobsStringUtils@Pods	calls	4
JobsByPods/JobsBasePopupView@Pods	JobsByPods/JobsAppDoor@Pods	calls	4
JobsByPods/JobsBaseUI@Pods	JobsByPods/FDFullscreenPopGesture@Pods	calls	4
JobsByPods/JobsBaseUI@Pods	JobsByPods/JobsAppDoor@Pods	calls	4
JobsByPods/JobsBaseUI@Pods	JobsByPods/JobsDeviceInfo@Pods	calls	4
JobsByPods/JobsBaseUI@Pods	JobsByPods/JobsFuseAnimation@Pods	calls	4
JobsByPods/JobsBluetooth@Pods	JobsByPods/JobsBaseUI@Pods	calls	4
JobsByPods/JobsByOCPods@Pods	JobsByPods/JobsAppDoor@Pods	calls	4
JobsByPods/JobsByOCPods@Pods	JobsByPods/WHToastExtra@Pods	calls	4
JobsByPods/JobsClockView@Pods	JobsByPods/JobsByOCPods@Pods	calls	4
JobsByPods/JobsClockView@Pods	JobsByPods/JobsOCTimer@Pods	calls	4
JobsByPods/JobsCountdownBtn@Pods	JobsByPods/JobsOCDSL@Pods	calls	4
JobsByPods/JobsCryptography@Pods	JobsByPods/JobsBaseUI@Pods	calls	4
JobsByPods/JobsCustomView@Pods	JobsByPods/JobsAppDoor@Pods	calls	4
JobsByPods/JobsCustomView@Pods	JobsByPods/JobsRichTextUtils@Pods	calls	4
JobsByPods/JobsDeviceInfo@Pods	JobsByPods/ManualByOCPods@Pods	calls	4
JobsByPods/JobsFuseAnimation@Pods	JobsByPods/JobsNavigationTransitionMgr@Pods	calls	4
JobsByPods/JobsFuseAnimation@Pods	JobsByPods/JobsOCTools@Pods	calls	4
JobsByPods/JobsGestureLock@Pods	JobsByPods/JobsMakes@Pods	calls	4
JobsByPods/JobsHotLabel@Pods	JobsByPods/BRPickerViewExtra@Pods	calls	4
JobsByPods/JobsHotLabel@Pods	JobsByPods/JobsMakes@Pods	calls	4
JobsByPods/JobsImageRotation@Pods	JobsByPods/JobsByOCPods@Pods	calls	4
JobsByPods/JobsImageRotation@Pods	JobsByPods/JobsFuseAnimation@Pods	calls	4
JobsByPods/JobsLinkageMenuView@Pods	JobsByPods/JobsAppDoor@Pods	calls	4
JobsByPods/JobsLinkageMenuView@Pods	JobsByPods/JobsRichTextUtils@Pods	calls	4
JobsByPods/JobsLuckyEnvelopeRain@Pods	JobsByPods/JobsOCTimer@Pods	calls	4
JobsByPods/JobsMarqueeView@Pods	JobsByPods/JobsBaseUI@Pods	calls	4
JobsByPods/JobsMarqueeView@Pods	JobsByPods/JobsBlock@Pods	calls	4
JobsByPods/BRPickerViewExtra@Pods	JobsByPods/JobsOCDSL@Pods	calls	3
JobsByPods/FDFullscreenPopGesture@Pods	JobsByPods/JobsBlock@Pods	calls	3
JobsByPods/FileFolderHandleTool@Pods	JobsByPods/BRPickerViewExtra@Pods	calls	3
JobsByPods/FileFolderHandleTool@Pods	JobsByPods/JobsModelDSL@Pods	calls	3
JobsByPods/JXCategoryViewExtra@Pods	JobsByPods/GKCustomNavigationBarExtra@Pods	calls	3
JobsByPods/JXCategoryViewExtra@Pods	JobsByPods/ManualByOCPods@Pods	calls	3
JobsByPods/JobsAPIs@Pods	JobsByPods/ManualByOCPods@Pods	calls	3
JobsByPods/JobsAppDoor@Pods	JobsByPods/JobsFuseAnimation@Pods	calls	3
JobsByPods/JobsAppTools@Pods	JobsByPods/JobsBlock@Pods	calls	3
JobsByPods/JobsBasePopupView@Pods	JobsByPods/JobsOCRuntimeKits@Pods	calls	3
JobsByPods/JobsBaseUI@Pods	App/JobsOCBaseConfigDemo	calls	3
JobsByPods/JobsBaseUI@Pods	JobsByPods/JobsOCCalendar@Pods	calls	3
JobsByPods/JobsBaseUI@Pods	JobsByPods/WHToastExtra@Pods	calls	3
JobsByPods/JobsBitsMonitor@Pods	JobsByPods/JobsOCDSL@Pods	calls	3
JobsByPods/JobsByOCPods@Pods	JobsByPods/JobsImageRotation@Pods	calls	3
JobsByPods/JobsByOCPods@Pods	JobsByPods/JobsLanMgr@Pods	calls	3
JobsByPods/JobsByOCPods@Pods	JobsByPods/JobsLuckyEnvelopeRain@Pods	calls	3
JobsByPods/JobsByOCPods@Pods	JobsByPods/JobsOCSearcher@Pods	calls	3
JobsByPods/JobsByOCPods@Pods	JobsByPods/JobsRandomUtils@Pods	calls	3
JobsByPods/JobsByOCPods@Pods	JobsByPods/ZFPlayerExtra@Pods	calls	3
JobsByPods/JobsCustomView@Pods	JobsByPods/WHToastExtra@Pods	calls	3
JobsByPods/JobsDeviceInfo@Pods	JobsByPods/BRPickerViewExtra@Pods	calls	3
JobsByPods/JobsDeviceInfo@Pods	JobsByPods/JobsOCDefs@Pods	calls	3
JobsByPods/JobsDropDownListView@Pods	JobsByPods/BRPickerViewExtra@Pods	calls	3
JobsByPods/JobsFiltrationView@Pods	JobsByPods/JobsBitsMonitor@Pods	calls	3
JobsByPods/JobsFiltrationView@Pods	JobsByPods/JobsMakes@Pods	calls	3
JobsByPods/JobsFuseAnimation@Pods	JobsByPods/JobsImageRotation@Pods	calls	3
JobsByPods/JobsFuseAnimation@Pods	JobsByPods/JobsOCTimer@Pods	calls	3
JobsByPods/JobsGestureLock@Pods	JobsByPods/JobsBaseUI@Pods	calls	3
JobsByPods/JobsHotLabel@Pods	JobsByPods/JobsNavigationTransitionMgr@Pods	calls	3
JobsByPods/JobsIconfont@Pods	JobsByPods/JobsBaseUI@Pods	calls	3
JobsByPods/JobsImageNumberView@Pods	JobsByPods/JobsByOCPods@Pods	calls	3
JobsByPods/JobsImageNumberView@Pods	JobsByPods/ManualByOCPods@Pods	calls	3
JobsByPods/JobsImageRotation@Pods	JobsByPods/GKCustomNavigationBarExtra@Pods	calls	3
JobsByPods/JobsLinkageMenuView@Pods	JobsByPods/JobsBasePopupView@Pods	calls	3
JobsByPods/JobsLuckyEnvelopeRain@Pods	JobsByPods/GKCustomNavigationBarExtra@Pods	calls	3
JobsByPods/JobsLuckyEnvelopeRain@Pods	JobsByPods/JobsModelDSL@Pods	calls	3
JobsByPods/JobsModel@Pods	JobsByPods/GKCustomNavigationBarExtra@Pods	calls	3
JobsByPods/JobsModel@Pods	JobsByPods/JobsStringUtils@Pods	calls	3
JobsByPods/BRPickerViewExtra@Pods	JobsByPods/JobsLuckyEnvelopeRain@Pods	calls	2
JobsByPods/GKCustomNavigationBarExtra@Pods	JobsByPods/JobsBasePopupView@Pods	calls	2
JobsByPods/GKCustomNavigationBarExtra@Pods	JobsByPods/JobsDeviceInfo@Pods	calls	2
JobsByPods/GKCustomNavigationBarExtra@Pods	JobsByPods/JobsOCRuntimeKits@Pods	calls	2
JobsByPods/JXCategoryViewExtra@Pods	JobsByPods/JobsModelDSL@Pods	calls	2
JobsByPods/JobsAppDoor@Pods	JobsByPods/JobsBasePopupView@Pods	calls	2
JobsByPods/JobsAppDoor@Pods	JobsByPods/JobsDropDownListView@Pods	calls	2
JobsByPods/JobsAppDoor@Pods	JobsByPods/JobsGetWindow@Pods	calls	2
JobsByPods/JobsBasePopupView@Pods	JobsByPods/FDFullscreenPopGesture@Pods	calls	2
JobsByPods/JobsBasePopupView@Pods	JobsByPods/JobsBitsMonitor@Pods	calls	2
JobsByPods/JobsBasePopupView@Pods	JobsByPods/JobsDeviceInfo@Pods	calls	2
JobsByPods/JobsBasePopupView@Pods	JobsByPods/JobsMenuView@Pods	calls	2
JobsByPods/JobsBaseUI@Pods	JobsByPods/JobsHotLabel@Pods	calls	2
JobsByPods/JobsBaseUI@Pods	JobsByPods/JobsLanMgr@Pods	calls	2
JobsByPods/JobsBaseUI@Pods	JobsByPods/JobsLuckyEnvelopeRain@Pods	calls	2
JobsByPods/JobsBaseUI@Pods	JobsByPods/JobsNavBar@Pods	calls	2
JobsByPods/JobsBaseUI@Pods	JobsByPods/JobsTimeUtils@Pods	calls	2
JobsByPods/JobsBitsMonitor@Pods	JobsByPods/JobsMakes@Pods	calls	2
JobsByPods/JobsByOCPods@Pods	JobsByPods/JobsBasePopupView@Pods	calls	2
JobsByPods/JobsByOCPods@Pods	JobsByPods/JobsHotLabel@Pods	calls	2
JobsByPods/JobsByOCPods@Pods	JobsByPods/JobsLinkageMenuView@Pods	calls	2
JobsByPods/JobsByOCPods@Pods	JobsByPods/JobsOCCalendar@Pods	calls	2
JobsByPods/JobsByOCPods@Pods	JobsByPods/JobsOCSnowflake@Pods	calls	2
JobsByPods/JobsByOCPods@Pods	JobsByPods/JobsViewNavigator@Pods	calls	2
JobsByPods/JobsClockView@Pods	JobsByPods/JobsBaseUI@Pods	calls	2
JobsByPods/JobsClockView@Pods	JobsByPods/JobsBlock@Pods	calls	2
JobsByPods/JobsClockView@Pods	JobsByPods/JobsMakes@Pods	calls	2
JobsByPods/JobsCountdownBtn@Pods	JobsByPods/FDFullscreenPopGesture@Pods	calls	2
JobsByPods/JobsCountdownBtn@Pods	JobsByPods/JobsBaseUI@Pods	calls	2
JobsByPods/JobsCountdownBtn@Pods	JobsByPods/JobsModelDSL@Pods	calls	2
JobsByPods/JobsCountdownBtn@Pods	JobsByPods/JobsOCDefs@Pods	calls	2
JobsByPods/JobsCustomView@Pods	JobsByPods/JobsAPIs@Pods	calls	2
JobsByPods/JobsCustomView@Pods	JobsByPods/JobsBasePopupView@Pods	calls	2
JobsByPods/JobsCustomView@Pods	JobsByPods/JobsOCRuntimeKits@Pods	calls	2
JobsByPods/JobsDeviceInfo@Pods	JobsByPods/JobsBaseUI@Pods	calls	2
JobsByPods/JobsDropDownListView@Pods	JobsByPods/JobsBitsMonitor@Pods	calls	2
JobsByPods/JobsFiltrationView@Pods	JobsByPods/BRPickerViewExtra@Pods	calls	2
JobsByPods/JobsFiltrationView@Pods	JobsByPods/JobsModel@Pods	calls	2
JobsByPods/JobsFiltrationView@Pods	JobsByPods/ManualByOCPods@Pods	calls	2
JobsByPods/JobsFuseAnimation@Pods	JobsByPods/JobsMakes@Pods	calls	2
JobsByPods/JobsGestureLock@Pods	JobsByPods/JobsOCDefs@Pods	calls	2
JobsByPods/JobsGestureLock@Pods	JobsByPods/ManualByOCPods@Pods	calls	2
JobsByPods/JobsHotLabel@Pods	App/JobsOCBaseConfigDemo	calls	2
JobsByPods/JobsHotLabel@Pods	JobsByPods/JobsModel@Pods	calls	2
JobsByPods/JobsImageNumberView@Pods	JobsByPods/JobsBaseUI@Pods	calls	2
JobsByPods/JobsImageNumberView@Pods	JobsByPods/JobsBlock@Pods	calls	2
JobsByPods/JobsImageNumberView@Pods	JobsByPods/JobsNavigationTransitionMgr@Pods	calls	2
JobsByPods/JobsImageRotation@Pods	JobsByPods/JobsBlock@Pods	calls	2
JobsByPods/JobsLanMgr@Pods	JobsByPods/JobsBlock@Pods	calls	2
JobsByPods/JobsLanMgr@Pods	JobsByPods/JobsStringUtils@Pods	calls	2
JobsByPods/JobsLinkageMenuView@Pods	JobsByPods/JobsOCRuntimeKits@Pods	calls	2
JobsByPods/JobsLocker@Pods	JobsByPods/JobsOCDSL@Pods	calls	2
JobsByPods/JobsMakes@Pods	JobsByPods/GKCustomNavigationBarExtra@Pods	calls	2
JobsByPods/JobsMarqueeView@Pods	JobsByPods/JobsByOCPods@Pods	calls	2
JobsByPods/JobsMarqueeView@Pods	JobsByPods/JobsMakes@Pods	calls	2
JobsByPods/JobsMarqueeView@Pods	JobsByPods/JobsOCCalendar@Pods	calls	2
JobsByPods/FDFullscreenPopGesture@Pods	JobsByPods/ManualByOCPods@Pods	calls	1
JobsByPods/FMDatabaseExtra@Pods	JobsByPods/JobsOCRuntimeKits@Pods	calls	1
JobsByPods/FSCalendarExtra@Pods	JobsByPods/JobsOCDSL@Pods	calls	1
JobsByPods/FileFolderHandleTool@Pods	JobsByPods/JobsBaseUI@Pods	calls	1
JobsByPods/FileFolderHandleTool@Pods	JobsByPods/JobsDeviceInfo@Pods	calls	1
JobsByPods/FileFolderHandleTool@Pods	JobsByPods/ManualByOCPods@Pods	calls	1
JobsByPods/GKCustomNavigationBarExtra@Pods	JobsByPods/FDFullscreenPopGesture@Pods	calls	1
JobsByPods/GKCustomNavigationBarExtra@Pods	JobsByPods/JobsNavigationTransitionMgr@Pods	calls	1
JobsByPods/GKCustomNavigationBarExtra@Pods	JobsByPods/JobsOCCalendar@Pods	calls	1
JobsByPods/GKCustomNavigationBarExtra@Pods	JobsByPods/WHToastExtra@Pods	calls	1
JobsByPods/IQKeyboardManagerExtra@Pods	JobsByPods/JobsOCDSL@Pods	calls	1
JobsByPods/JXCategoryViewExtra@Pods	JobsByPods/JobsBitsMonitor@Pods	calls	1
JobsByPods/JXCategoryViewExtra@Pods	JobsByPods/JobsMakes@Pods	calls	1
JobsByPods/JXCategoryViewExtra@Pods	JobsByPods/JobsNavigationTransitionMgr@Pods	calls	1
JobsByPods/JobsAPIs@Pods	JobsByPods/JobsAppDoor@Pods	calls	1
JobsByPods/JobsAPIs@Pods	JobsByPods/JobsModel@Pods	calls	1
JobsByPods/JobsAPIs@Pods	JobsByPods/JobsRichTextUtils@Pods	calls	1
JobsByPods/JobsAPIs@Pods	JobsByPods/JobsTimeUtils@Pods	calls	1
JobsByPods/JobsAPIs@Pods	JobsByPods/WHToastExtra@Pods	calls	1
JobsByPods/JobsAppDoor@Pods	JobsByPods/JXCategoryViewExtra@Pods	calls	1
JobsByPods/JobsAppDoor@Pods	JobsByPods/JobsClockView@Pods	calls	1
JobsByPods/JobsAppDoor@Pods	JobsByPods/JobsTimeUtils@Pods	calls	1
JobsByPods/JobsAppIconRibbon@Pods	JobsByPods/JobsBaseUI@Pods	calls	1
JobsByPods/JobsAppIconRibbon@Pods	JobsByPods/JobsOCUILabelScrolling@Pods	calls	1
JobsByPods/JobsAppTools@Pods	JobsByPods/BRPickerViewExtra@Pods	calls	1
JobsByPods/JobsAppTools@Pods	JobsByPods/JobsBaseUI@Pods	calls	1
JobsByPods/JobsAppTools@Pods	JobsByPods/JobsMakes@Pods	calls	1
JobsByPods/JobsAppTools@Pods	JobsByPods/JobsModel@Pods	calls	1
JobsByPods/JobsBasePopupView@Pods	JobsByPods/JobsOCCalendar@Pods	calls	1
JobsByPods/JobsBasePopupView@Pods	JobsByPods/WHToastExtra@Pods	calls	1
JobsByPods/JobsBaseUI@Pods	JobsByPods/JobsAppTools@Pods	calls	1
JobsByPods/JobsBaseUI@Pods	JobsByPods/JobsClass@Pods	calls	1
JobsByPods/JobsBaseUI@Pods	JobsByPods/JobsGetWindow@Pods	calls	1
JobsByPods/JobsBaseUI@Pods	JobsByPods/JobsIconfont@Pods	calls	1
JobsByPods/JobsBaseUI@Pods	JobsByPods/JobsOCProtocols@Pods	calls	1
JobsByPods/JobsBioKit@Pods	JobsByPods/JobsAppDoor@Pods	calls	1
JobsByPods/JobsBitsMonitor@Pods	JobsByPods/FDFullscreenPopGesture@Pods	calls	1
JobsByPods/JobsBitsMonitor@Pods	JobsByPods/JobsByOCPods@Pods	calls	1
JobsByPods/JobsBitsMonitor@Pods	JobsByPods/JobsLinkageMenuView@Pods	calls	1
JobsByPods/JobsBitsMonitor@Pods	JobsByPods/JobsModel@Pods	calls	1
JobsByPods/JobsBitsMonitor@Pods	JobsByPods/JobsOCRuntimeKits@Pods	calls	1
JobsByPods/JobsBitsMonitor@Pods	JobsByPods/JobsRichTextUtils@Pods	calls	1
JobsByPods/JobsBitsMonitor@Pods	JobsByPods/JobsSuspend@Pods	calls	1
JobsByPods/JobsBitsMonitor@Pods	JobsByPods/ManualByOCPods@Pods	calls	1
JobsByPods/JobsBitsMonitor@Pods	JobsByPods/WHToastExtra@Pods	calls	1
JobsByPods/JobsBluetooth@Pods	JobsByPods/JobsBlock@Pods	calls	1
JobsByPods/JobsByOCPods@Pods	App/JobsOCBaseConfigDemo	calls	1
JobsByPods/JobsByOCPods@Pods	JobsByPods/JobsAppTools@Pods	calls	1
JobsByPods/JobsByOCPods@Pods	JobsByPods/JobsClockView@Pods	calls	1
JobsByPods/JobsByOCPods@Pods	JobsByPods/JobsOCProtocols@Pods	calls	1
JobsByPods/JobsByOCPods@Pods	JobsByPods/JobsOCTimer@Pods	calls	1
JobsByPods/JobsByOCPods@Pods	JobsByPods/JobsOCTimerMgr@Pods	calls	1
JobsByPods/JobsByOCPods@Pods	JobsByPods/JobsOCTools@Pods	calls	1
JobsByPods/JobsByOCPods@Pods	JobsByPods/JobsSuspend@Pods	calls	1
JobsByPods/JobsByOCPods@Pods	JobsByPods/YTKNetworkExtra@Pods	calls	1
JobsByPods/JobsClockView@Pods	JobsByPods/JobsAppTools@Pods	calls	1
JobsByPods/JobsClockView@Pods	JobsByPods/JobsNavigationTransitionMgr@Pods	calls	1
JobsByPods/JobsClockView@Pods	JobsByPods/JobsOCDefs@Pods	calls	1
JobsByPods/JobsCountdownBtn@Pods	JobsByPods/JobsBlock@Pods	calls	1
JobsByPods/JobsCryptography@Pods	JobsByPods/JobsStringUtils@Pods	calls	1
JobsByPods/JobsCustomView@Pods	JobsByPods/FDFullscreenPopGesture@Pods	calls	1
JobsByPods/JobsCustomView@Pods	JobsByPods/JobsLinkageMenuView@Pods	calls	1
JobsByPods/JobsCustomView@Pods	JobsByPods/JobsOCCalendar@Pods	calls	1
JobsByPods/JobsCustomView@Pods	JobsByPods/JobsTimeUtils@Pods	calls	1
JobsByPods/JobsCustomView@Pods	JobsByPods/YTKNetworkExtra@Pods	calls	1
JobsByPods/JobsDebug@Pods	JobsByPods/GKCustomNavigationBarExtra@Pods	calls	1
JobsByPods/JobsDebug@Pods	JobsByPods/JobsBlock@Pods	calls	1
JobsByPods/JobsDeviceInfo@Pods	JobsByPods/JobsBasePopupView@Pods	calls	1
JobsByPods/JobsDeviceInfo@Pods	JobsByPods/JobsModelDSL@Pods	calls	1
JobsByPods/JobsDeviceInfo@Pods	JobsByPods/JobsOCDSL@Pods	calls	1
JobsByPods/JobsDeviceInfo@Pods	JobsByPods/JobsRichTextUtils@Pods	calls	1
JobsByPods/JobsDeviceInfo@Pods	JobsByPods/JobsTimeUtils@Pods	calls	1
JobsByPods/JobsDropDownListView@Pods	App/JobsOCBaseConfigDemo	calls	1
JobsByPods/JobsDropDownListView@Pods	JobsByPods/JobsModel@Pods	calls	1
JobsByPods/JobsDropDownListView@Pods	JobsByPods/JobsStringUtils@Pods	calls	1
JobsByPods/JobsFiltrationView@Pods	App/JobsOCBaseConfigDemo	calls	1
JobsByPods/JobsFuseAnimation@Pods	JobsByPods/ManualByOCPods@Pods	calls	1
JobsByPods/JobsHotLabel@Pods	JobsByPods/JobsBasePopupView@Pods	calls	1
JobsByPods/JobsHotLabel@Pods	JobsByPods/JobsBitsMonitor@Pods	calls	1
JobsByPods/JobsHotLabel@Pods	JobsByPods/JobsOCCalendar@Pods	calls	1
JobsByPods/JobsHotLabel@Pods	JobsByPods/JobsTimeUtils@Pods	calls	1
JobsByPods/JobsIconfont@Pods	JobsByPods/ManualByOCPods@Pods	calls	1
JobsByPods/JobsImageNumberView@Pods	JobsByPods/GKCustomNavigationBarExtra@Pods	calls	1
JobsByPods/JobsImageNumberView@Pods	JobsByPods/JobsMakes@Pods	calls	1
JobsByPods/JobsImageNumberView@Pods	JobsByPods/JobsModel@Pods	calls	1
JobsByPods/JobsImageRotation@Pods	JobsByPods/JobsModelDSL@Pods	calls	1
JobsByPods/JobsLanMgr@Pods	JobsByPods/JobsByOCPods@Pods	calls	1
JobsByPods/JobsLinkageMenuView@Pods	JobsByPods/FDFullscreenPopGesture@Pods	calls	1
JobsByPods/JobsLinkageMenuView@Pods	JobsByPods/JobsOCCalendar@Pods	calls	1
JobsByPods/JobsLinkageMenuView@Pods	JobsByPods/JobsTimeUtils@Pods	calls	1
JobsByPods/JobsLinkageMenuView@Pods	JobsByPods/WHToastExtra@Pods	calls	1
JobsByPods/JobsLinkageMenuView@Pods	JobsByPods/YTKNetworkExtra@Pods	calls	1
JobsByPods/JobsLoadingImage@Pods	JobsByPods/GKCustomNavigationBarExtra@Pods	calls	1
JobsByPods/JobsLocker@Pods	JobsByPods/JobsBlock@Pods	calls	1
JobsByPods/JobsLuckyEnvelopeRain@Pods	JobsByPods/JobsOCDefs@Pods	calls	1
JobsByPods/JobsLuckyEnvelopeRain@Pods	JobsByPods/JobsOCTools@Pods	calls	1
JobsByPods/JobsLuckyEnvelopeRain@Pods	JobsByPods/ManualByOCPods@Pods	calls	1
JobsByPods/JobsMakes@Pods	JobsByPods/JobsBlock@Pods	calls	1
JobsByPods/JobsMarqueeView@Pods	JobsByPods/JobsNavigationTransitionMgr@Pods	calls	1
JobsByPods/JobsMarqueeView@Pods	JobsByPods/JobsOCDefs@Pods	calls	1
JobsByPods/JobsMarqueeView@Pods	JobsByPods/JobsOCTimer@Pods	calls	1
JobsByPods/JobsMenuView@Pods	JobsByPods/GKCustomNavigationBarExtra@Pods	calls	1
JobsByPods/JobsMenuView@Pods	JobsByPods/JobsAPIs@Pods	calls	1
JobsByPods/JobsMenuView@Pods	JobsByPods/JobsAppTools@Pods	calls	1
JobsByPods/JobsMenuView@Pods	JobsByPods/JobsBasePopupView@Pods	calls	1
JobsByPods/JobsMenuView@Pods	JobsByPods/JobsLinkageMenuView@Pods	calls	1
JobsByPods/JobsMenuView@Pods	JobsByPods/JobsMakes@Pods	calls	1
JobsByPods/JobsMenuView@Pods	JobsByPods/JobsModel@Pods	calls	1
JobsByPods/JobsModel@Pods	JobsByPods/JobsOCDefs@Pods	calls	1
