node_kind	node_name	file_path	start_line	outbound_count	edge_kinds
file	"JobsByPods/JobsBlock@Pods/Core/确定参数的Block/ReturnByCertainParametersBlock/ReturnByCertainParametersBlock.h"	"JobsByPods/JobsBlock@Pods/Core/确定参数的Block/ReturnByCertainParametersBlock/ReturnByCertainParametersBlock.h"	1	1745	calls
file	JobsByPods/JobsBlock@Pods/JobsBlock.h	JobsByPods/JobsBlock@Pods/JobsBlock.h	1	1512	calls
method	JobsAppDoorRegisterContentView::registerDoorInputViewBaseStyleModelMutArr	JobsByPods/JobsAppDoor@Pods/Core/JobsAppDoorStyle2/View/ContentView/JobsAppDoorRegisterContentView/JobsAppDoorRegisterContentView.m	489	96	calls
method	JobsBitsMonitorSuspendLab::initBy:	JobsByPods/JobsBitsMonitor@Pods/Core/JobsBitsMonitorSuspendLab/JobsBitsMonitorSuspendLab.m	25	70	calls
file	JobsByPods/JobsByOCPods@Pods/Core/UIKit/UIView/UIView+Animation/UIView+Animation.m	JobsByPods/JobsByOCPods@Pods/Core/UIKit/UIView/UIView+Animation/UIView+Animation.m	1	59	calls
method	UIButton::jobsInitBtnByConfiguration:background:buttonConfigTitleAlignment:textAlignment:subTextAlignment:normalImage:highlightImage:attributedTitle:selectedAttributedTitle:attributedSubtitle:title:subTitle:titleFont:subTitleFont:titleCor:subTitleCor:titleLineBreakMode:subtitleLineBreakMode:baseBackgroundColor:backgroundImage:highlightBackgroundImage:imagePadding:titlePadding:imagePlacement:contentHorizontalAlignment:contentVerticalAlignment:contentInsets:cornerRadiusValue:roundingCorners:roundingCornersRadii:layerBorderCor:borderWidth:selected:primaryAction:longPressGestureEventBlock:clickEventBlock:	JobsByPods/GKCustomNavigationBarExtra@Pods/Support/UIKit/UIButton/UIButton+UI/UIButton+UI.m	64	46	calls
method	UIButton::jobsInitBtnByConfiguration:background:buttonConfigTitleAlignment:textAlignment:subTextAlignment:normalImage:highlightImage:attributedTitle:selectedAttributedTitle:attributedSubtitle:title:subTitle:titleFont:subTitleFont:titleCor:subTitleCor:titleLineBreakMode:subtitleLineBreakMode:baseBackgroundColor:backgroundImage:highlightBackgroundImage:imagePadding:titlePadding:imagePlacement:contentHorizontalAlignment:contentVerticalAlignment:contentInsets:cornerRadiusValue:roundingCorners:roundingCornersRadii:layerBorderCor:borderWidth:selected:primaryAction:longPressGestureEventBlock:clickEventBlock:	JobsByPods/JobsBasePopupView@Pods/Support/UIKit/UIButton/UIButton+UI/UIButton+UI.m	64	46	calls
method	UIButton::jobsInitBtnByConfiguration:background:buttonConfigTitleAlignment:textAlignment:subTextAlignment:normalImage:highlightImage:attributedTitle:selectedAttributedTitle:attributedSubtitle:title:subTitle:titleFont:subTitleFont:titleCor:subTitleCor:titleLineBreakMode:subtitleLineBreakMode:baseBackgroundColor:backgroundImage:highlightBackgroundImage:imagePadding:titlePadding:imagePlacement:contentHorizontalAlignment:contentVerticalAlignment:contentInsets:cornerRadiusValue:roundingCorners:roundingCornersRadii:layerBorderCor:borderWidth:selected:primaryAction:longPressGestureEventBlock:clickEventBlock:	JobsByPods/JobsByOCPods@Pods/Core/UIKit/UIButton/UIButton+UI/UIButton+UI.m	71	46	calls
method	UIButton::jobsInitBtnByConfiguration:background:buttonConfigTitleAlignment:textAlignment:subTextAlignment:normalImage:highlightImage:attributedTitle:selectedAttributedTitle:attributedSubtitle:title:subTitle:titleFont:subTitleFont:titleCor:subTitleCor:titleLineBreakMode:subtitleLineBreakMode:baseBackgroundColor:backgroundImage:highlightBackgroundImage:imagePadding:titlePadding:imagePlacement:contentHorizontalAlignment:contentVerticalAlignment:contentInsets:cornerRadiusValue:roundingCorners:roundingCornersRadii:layerBorderCor:borderWidth:selected:primaryAction:longPressGestureEventBlock:clickEventBlock:	JobsByPods/JobsBaseUI@Pods/Support/UIKit/UIButton/UIButton+UI/UIButton+UI.m	91	46	calls
method	UIButton::jobsInitBtnByConfiguration:background:buttonConfigTitleAlignment:textAlignment:subTextAlignment:normalImage:highlightImage:attributedTitle:selectedAttributedTitle:attributedSubtitle:title:subTitle:titleFont:subTitleFont:titleCor:subTitleCor:titleLineBreakMode:subtitleLineBreakMode:baseBackgroundColor:backgroundImage:highlightBackgroundImage:imagePadding:titlePadding:imagePlacement:contentHorizontalAlignment:contentVerticalAlignment:contentInsets:cornerRadiusValue:roundingCorners:roundingCornersRadii:layerBorderCor:borderWidth:selected:primaryAction:longPressGestureEventBlock:clickEventBlock:	JobsByPods/JobsCustomView@Pods/Support/UIKit/UIButton/UIButton+UI/UIButton+UI.m	66	46	calls
method	UIButton::jobsInitBtnByConfiguration:background:buttonConfigTitleAlignment:textAlignment:subTextAlignment:normalImage:highlightImage:attributedTitle:selectedAttributedTitle:attributedSubtitle:title:subTitle:titleFont:subTitleFont:titleCor:subTitleCor:titleLineBreakMode:subtitleLineBreakMode:baseBackgroundColor:backgroundImage:highlightBackgroundImage:imagePadding:titlePadding:imagePlacement:contentHorizontalAlignment:contentVerticalAlignment:contentInsets:cornerRadiusValue:roundingCorners:roundingCornersRadii:layerBorderCor:borderWidth:selected:primaryAction:longPressGestureEventBlock:clickEventBlock:	JobsByPods/JobsLinkageMenuView@Pods/Support/UIKit/UIButton/UIButton+UI/UIButton+UI.m	66	46	calls
method	JobsAppDoorContentView::storeCodeBtn	JobsByPods/JobsAppDoor@Pods/Core/JobsAppDoorStyle1/View/JobsAppDoorContentView/JobsAppDoorContentView.m	1019	45	calls
method	JobsMarqueeView::cloneButtonFromSource	JobsByPods/JobsMarqueeView@Pods/Core/JobsMarqueeView/JobsMarqueeViewCore/JobsMarqueeViewCore.m	730	44	calls
method	UIViewController::configure	JobsByPods/JobsByOCPods@Pods/Core/UIKit/UIViewController/UIViewController+3rd/UIViewController+JPImageresizerView/UIViewController+JPImageresizerView.m	41	44	calls
method	JobsAppDoorContentView::p_animationToRegister	JobsByPods/JobsAppDoor@Pods/Core/JobsAppDoorStyle1/View/JobsAppDoorContentView/JobsAppDoorContentView.m	788	43	calls
method	JobsAppDoorLoginContentView::refreshLoginLayout	JobsByPods/JobsAppDoor@Pods/Core/JobsAppDoorStyle2/View/ContentView/JobsAppDoorLoginContentView/JobsAppDoorLoginContentView.m	115	43	calls
method	UIView::makeTargetShadowview:superView:shadowDirection:shadowWithOffsetX:offsetY:cornerRadius:shadowOffset:shadowOpacity:layerShadowColor:layerShadowRadius:	JobsByPods/JobsByOCPods@Pods/Core/UIKit/UIView/UIView+Extra/UIView+Extra.m	936	43	calls
method	UIView::makeTargetShadowview:superView:shadowDirection:shadowWithOffsetX:offsetY:cornerRadius:shadowOffset:shadowOpacity:layerShadowColor:layerShadowRadius:	JobsByPods/JobsBaseUI@Pods/Support/UIKit/UIView/UIView+Extra/UIView+Extra.m	116	43	calls
method	UIView::makeTargetShadowview:superView:shadowDirection:shadowWithOffsetX:offsetY:cornerRadius:shadowOffset:shadowOpacity:layerShadowColor:layerShadowRadius:	JobsByPods/JobsLinkageMenuView@Pods/Support/UIKit/UIView/UIView+Extra/UIView+Extra.m	116	43	calls
method	JobsAppDoorVC::customerServiceBtn	JobsByPods/JobsAppDoor@Pods/Core/JobsAppDoorStyle1/ViewController/JobsAppDoorVC/JobsAppDoorVC.m	981	42	calls
method	JobsAppDoorContentView::findCodeBtn	JobsByPods/JobsAppDoor@Pods/Core/JobsAppDoorStyle1/View/JobsAppDoorContentView/JobsAppDoorContentView.m	1075	39	calls
method	JobsAppDoorContentView::registerDoorInputViewBaseStyleModelMutArr	JobsByPods/JobsAppDoor@Pods/Core/JobsAppDoorStyle1/View/JobsAppDoorContentView/JobsAppDoorContentView.m	1166	39	calls
method	JobsFiltrationView::hotLabel	JobsByPods/JobsFiltrationView@Pods/Core/JobsFiltrationView/JobsFiltrationView.m	114	39	calls
method	JobsAppDoorVC_Style2::customerServiceBtn	JobsByPods/JobsAppDoor@Pods/Core/JobsAppDoorStyle2/ViewController/JobsAppDoorVC_Style2/JobsAppDoorVC_Style2.m	836	38	calls
method	JobsAppDoorForgotCodeContentView::contactCustomerServiceBtn	"JobsByPods/JobsAppDoor@Pods/Core/登录注册模块公共件/View/JobsAppDoorForgotCodeContentView/JobsAppDoorForgotCodeContentView.m"	290	36	calls
method	JobsAppDoorInputViewBaseStyle_3::configTextField	"JobsByPods/JobsAppDoor@Pods/Core/登录注册模块公共件/View/输入框样式/DoorInputView/输入框样式_3/JobsAppDoorInputViewBaseStyle_3/JobsAppDoorInputViewBaseStyle_3.m"	62	35	calls
method	JobsAppDoorInputViewBaseStyle_5::chooseBtn	"JobsByPods/JobsAppDoor@Pods/Core/登录注册模块公共件/View/输入框样式/DoorInputView/输入框样式_5/JobsAppDoorInputViewBaseStyle_5/JobsAppDoorInputViewBaseStyle_5.m"	288	33	calls
method	JobsAppDoorRegisterContentView::refreshRegisterLayout	JobsByPods/JobsAppDoor@Pods/Core/JobsAppDoorStyle2/View/ContentView/JobsAppDoorRegisterContentView/JobsAppDoorRegisterContentView.m	157	33	calls
method	UIViewController::jobs_showDemoActionMenu	JobsByPods/JobsBaseUI@Pods/Support/UIKit/UIViewController/UIViewController+BaseNavigationBar/UIViewController+BaseNavigationBar.m	444	33	calls
method	JobsShowObjInfoVC::tableView	JobsByPods/JobsBaseUI@Pods/Core/UIBaseVC/DebugBaseVC/JobsShowObjInfoVC/JobsShowObjInfoVC.m	189	32	calls
method	JobsAppDoorLoginContentView::loginDoorInputViewBaseStyleModelMutArr	JobsByPods/JobsAppDoor@Pods/Core/JobsAppDoorStyle2/View/ContentView/JobsAppDoorLoginContentView/JobsAppDoorLoginContentView.m	527	31	calls
method	JobsAppDoorInputViewBaseStyle_4::configTextField	"JobsByPods/JobsAppDoor@Pods/Core/登录注册模块公共件/View/输入框样式/DoorInputView/输入框样式_4/JobsAppDoorInputViewBaseStyle_4/JobsAppDoorInputViewBaseStyle_4.m"	65	30	calls
method	JobsAppDoorInputViewBaseStyle_8::configTextField	"JobsByPods/JobsAppDoor@Pods/Core/登录注册模块公共件/View/输入框样式/DoorInputView/输入框样式_8/JobsAppDoorInputViewBaseStyle_8/JobsAppDoorInputViewBaseStyle_8.m"	55	30	calls
method	JobsAppDoorInputViewBaseStyle_1::configTextField	"JobsByPods/JobsAppDoor@Pods/Core/登录注册模块公共件/View/输入框样式/DoorInputView/输入框样式_1/JobsAppDoorInputViewBaseStyle_1/JobsAppDoorInputViewBaseStyle_1.m"	78	29	calls
method	JobsBtnTextViewStyleCVCell::jobsRichElementsCollectionViewCellBy	JobsByPods/JobsBaseUI@Pods/Core/UIBaseCollectionViewCell/JobsBtnTextViewStyleCVCell/JobsBtnTextViewStyleCVCell.m	69	29	calls
method	JobsBtnTextViewStyleTBVCell::jobsRichElementsTableViewCellBy	JobsByPods/JobsBaseUI@Pods/Core/UIBaseTableViewCell/JobsBtnTextViewStyleTBVCell/JobsBtnTextViewStyleTBVCell.m	55	29	calls
method	JobsGestureLockVC::setupSubviews	JobsByPods/JobsGestureLock@Pods/Core/JobsGestureLockVC/JobsGestureLockVC.m	121	29	calls
method	JobsTextView::szTextView	JobsByPods/JobsBaseUI@Pods/Core/UIBaseTextView/JobsTextView/JobsTextView.m	227	29	calls
method	JobsCountdownBtn::jobsConfigAsVerificationCodeButton	JobsByPods/JobsCountdownBtn@Pods/Core/JobsCountdownBtn/JobsCountdownButton/JobsCountdownButton.m	53	28	calls
method	RBCLikeButton::countAnimation	JobsByPods/JobsBaseUI@Pods/Core/UIBaseButtoms/RBCLikeButton/RBCLikeButton.m	324	28	calls
method	JobsAppDoorLoginContentView::storeCodeBtn	JobsByPods/JobsAppDoor@Pods/Core/JobsAppDoorStyle2/View/ContentView/JobsAppDoorLoginContentView/JobsAppDoorLoginContentView.m	452	27	calls
method	RBCLikeButton::explosionLayer	JobsByPods/JobsBaseUI@Pods/Core/UIBaseButtoms/RBCLikeButton/RBCLikeButton.m	439	27	calls
method	UIButtonConfiguration::byButtonConfiguration	JobsByPods/GKCustomNavigationBarExtra@Pods/Support/UIKit/UIButtonConfiguration/UIButtonConfiguration+Extra/UIButtonConfiguration+Extra.m	11	27	calls
method	UIButtonConfiguration::byButtonConfiguration	JobsByPods/JobsLinkageMenuView@Pods/Support/UIKit/UIButtonConfiguration/UIButtonConfiguration+Extra/UIButtonConfiguration+Extra.m	11	27	calls
method	UIButtonConfiguration::byButtonConfiguration	JobsByPods/JobsBasePopupView@Pods/Support/UIKit/UIButtonConfiguration/UIButtonConfiguration+Extra/UIButtonConfiguration+Extra.m	11	27	calls
method	UIButtonConfiguration::byButtonConfiguration	JobsByPods/JobsBaseUI@Pods/Support/UIKit/UIButtonConfiguration/UIButtonConfiguration+Extra/UIButtonConfiguration+Extra.m	11	27	calls
method	UIButtonConfiguration::byButtonConfiguration	JobsByPods/JobsCustomView@Pods/Support/UIKit/UIButtonConfiguration/UIButtonConfiguration+Extra/UIButtonConfiguration+Extra.m	11	27	calls
method	UIButtonConfiguration::byButtonConfiguration	JobsByPods/JobsByOCPods@Pods/Core/UIKit/UIButtonConfiguration/UIButtonConfiguration+Extra/UIButtonConfiguration+Extra.m	11	27	calls
method	JobsAppDoorInputViewBaseStyle_2::configTextField	"JobsByPods/JobsAppDoor@Pods/Core/登录注册模块公共件/View/输入框样式/DoorInputView/输入框样式_2/JobsAppDoorInputViewBaseStyle_2/JobsAppDoorInputViewBaseStyle_2.m"	77	26	calls
method	UITableViewCell::modifySysChildViewFrame1	JobsByPods/JobsByOCPods@Pods/Core/UIKit/UITableViewCell/UITableViewCell+Margin/UITableViewCell+Margin.m	71	26	calls
method	UITableViewCell::modifySysChildViewFrame1	JobsByPods/JobsBaseUI@Pods/Support/UIKit/UITableViewCell/UITableViewCell+Margin/UITableViewCell+Margin.m	71	26	calls
method	JobsAppDoorInputViewBaseStyle_6::configTextField	"JobsByPods/JobsAppDoor@Pods/Core/登录注册模块公共件/View/输入框样式/DoorInputView/输入框样式_6/JobsAppDoorInputViewBaseStyle_6/JobsAppDoorInputViewBaseStyle_6.m"	80	25	calls
method	JobsAppDoorInputViewBaseStyle_7::configTextField	"JobsByPods/JobsAppDoor@Pods/Core/登录注册模块公共件/View/输入框样式/DoorInputView/输入框样式_7/JobsAppDoorInputViewBaseStyle_7/JobsAppDoorInputViewBaseStyle_7.m"	61	25	calls
method	JobsAppDoorVC::jobsAppDoorContentView	JobsByPods/JobsAppDoor@Pods/Core/JobsAppDoorStyle1/ViewController/JobsAppDoorVC/JobsAppDoorVC.m	905	25	calls
method	UITableViewCell::modifySysChildViewFrame2	JobsByPods/JobsByOCPods@Pods/Core/UIKit/UITableViewCell/UITableViewCell+Margin/UITableViewCell+Margin.m	168	25	calls
method	UITableViewCell::modifySysChildViewFrame2	JobsByPods/JobsBaseUI@Pods/Support/UIKit/UITableViewCell/UITableViewCell+Margin/UITableViewCell+Margin.m	168	25	calls
method	UIView::byFuseOuterRingStart	JobsByPods/JobsFuseAnimation@Pods/Core/JobsFuseAnimation/UIView+JobsFuseAnimation/UIView+JobsFuseAnimation.m	363	25	calls
method	BaseButton::resetSubViews	JobsByPods/JobsBaseUI@Pods/Core/UIBaseButton/BaseButton/BaseButton.m	171	24	calls
method	BaseButton::resetSubViews	JobsByPods/JobsBasePopupView@Pods/Support/UIKit/UIButton/BaseButton/BaseButton.m	125	24	calls
method	JobsAppDoorForgotCodeContentView::jobs_passwordInputModelWithPlaceholder	"JobsByPods/JobsAppDoor@Pods/Core/登录注册模块公共件/View/JobsAppDoorForgotCodeContentView/JobsAppDoorForgotCodeContentView.m"	97	24	calls
method	JobsBaseTableViewCell::jobsRichElementsTableViewCellBy	JobsByPods/JobsBaseUI@Pods/Core/UIBaseTableViewCell/JobsBaseTableViewCell/JobsBaseTableViewCell.m	229	24	calls
method	JobsCustomView::cancelBtn	JobsByPods/JobsCustomView@Pods/Core/JobsCustomView/JobsCustomView.m	240	24	calls
method	JobsCustomView::sureBtn	JobsByPods/JobsCustomView@Pods/Core/JobsCustomView/JobsCustomView.m	277	24	calls
method	NSObject::makeNav0ByTitle	JobsByPods/JobsBaseUI@Pods/Support/UIKit/NSObject/NSObject+Extra/NSObject+Extra.m	343	24	calls
method	UITableViewCell::roundedCornerLastCellByTableView:indexPath:layerConfig:	JobsByPods/JobsByOCPods@Pods/Core/UIKit/UITableViewCell/UITableViewCell+UITableViewCellProtocol/UITableViewCell+UITableViewCellProtocoll/UITableViewCell+UITableViewCellProtocoll.m	502	24	calls
method	UIViewController::jobs_addDemoActionMenuRowToView:title:image:index:rowCount:action:	JobsByPods/JobsBaseUI@Pods/Support/UIKit/UIViewController/UIViewController+BaseNavigationBar/UIViewController+BaseNavigationBar.m	539	24	calls
method	JobsAppDoorInputViewBaseStyle_10::configTextField	"JobsByPods/JobsAppDoor@Pods/Core/登录注册模块公共件/View/输入框样式/DoorInputView/输入框样式_10/JobsAppDoorInputViewBaseStyle_10/JobsAppDoorInputViewBaseStyle_10.m"	64	23	calls
method	JobsAppDoorInputViewBaseStyle_7::chooseBtn	"JobsByPods/JobsAppDoor@Pods/Core/登录注册模块公共件/View/输入框样式/DoorInputView/输入框样式_7/JobsAppDoorInputViewBaseStyle_7/JobsAppDoorInputViewBaseStyle_7.m"	189	23	calls
method	JobsAppDoorRegisterContentView::backToLoginBtn	JobsByPods/JobsAppDoor@Pods/Core/JobsAppDoorStyle2/View/ContentView/JobsAppDoorRegisterContentView/JobsAppDoorRegisterContentView.m	402	23	calls
method	JobsDropDownListTBVCell::initWithStyle:reuseIdentifier:	JobsByPods/JobsDropDownListView@Pods/Core/JobsDropDownListTBVCell/JobsDropDownListTBVCell.m	36	23	calls
method	UIViewController::gk_navTitleViewBy	JobsByPods/GKCustomNavigationBarExtra@Pods/Core/UIViewController+GKCustomNavigationBar/UIViewController+GKCustomNavigationBar.m	48	23	calls
method	ZFCustomControlView::jobsLayoutSubviews	"JobsByPods/JobsByOCPods@Pods/Support/播放器控制层/ZFCustomControlView/ZFCustomControlView.m"	379	23	calls
method	JobsAppDoorInputViewBaseStyle_9::configTextField	"JobsByPods/JobsAppDoor@Pods/Core/登录注册模块公共件/View/输入框样式/DoorInputView/输入框样式_9/JobsAppDoorInputViewBaseStyle_9/JobsAppDoorInputViewBaseStyle_9.m"	61	22	calls
method	JobsAppDoorVC::jobs_refreshVolumeControlFrame	JobsByPods/JobsAppDoor@Pods/Core/JobsAppDoorStyle1/ViewController/JobsAppDoorVC/JobsAppDoorVC.m	715	22	calls
method	JobsAppDoorVC_Style2::jobs_refreshVolumeControlFrame	JobsByPods/JobsAppDoor@Pods/Core/JobsAppDoorStyle2/ViewController/JobsAppDoorVC_Style2/JobsAppDoorVC_Style2.m	560	22	calls
method	JobsAppDoorVC_Style2::loginContentView	JobsByPods/JobsAppDoor@Pods/Core/JobsAppDoorStyle2/ViewController/JobsAppDoorVC_Style2/JobsAppDoorVC_Style2.m	653	22	calls
method	JobsLinkageMenuView::buildMenuButtonsIfNeeded	JobsByPods/JobsLinkageMenuView@Pods/Core/JobsLinkageMenuView/JobsLinkageMenuView.m	236	22	calls
method	UITableViewCell::roundedCornerFirstCellByTableView:indexPath:layerConfig:	JobsByPods/JobsByOCPods@Pods/Core/UIKit/UITableViewCell/UITableViewCell+UITableViewCellProtocol/UITableViewCell+UITableViewCellProtocoll/UITableViewCell+UITableViewCellProtocoll.m	578	22	calls
function	JobsAdaptiveNavigationTitleModel	JobsByPods/JobsByOCPods@Pods/Core/UIKit/UIViewController/UIViewController+Sys/UIViewController+BaseVC/UIViewController+BaseVC.m	89	21	calls
method	JobsAppDoorForgotCodeContentView::backToLoginBtn	"JobsByPods/JobsAppDoor@Pods/Core/登录注册模块公共件/View/JobsAppDoorForgotCodeContentView/JobsAppDoorForgotCodeContentView.m"	125	21	calls
