node_kind	node_name	file_path	start_line	inbound_count	edge_kinds
type_alias	_Nullable	JobsByPods/JobsBluetooth@Pods/Core/JobsBluetoothTypes/JobsBluetoothTypes.h	38	3264	calls
function	JobsBlockInstanceMethodIMP	JobsByPods/JobsBlock@Pods/JobsBlockDef.h	15	1303	calls
function	JobsWidth	JobsByPods/JobsOCDefs@Pods/Core/MacroDef_Others/MacroDef_Size/MacroDef_Size.h	345	629	calls
method	MASConstraint::equalTo	JobsByPods/ManualByOCPods@Pods/TABAnimated/TABAnimatedDemo/TABAnimatedDemo/Third/Masonry/MASConstraint.m	27	257	calls
function	block	JobsByPods/JobsOCDSL@Pods/Support/UIKit/UIGestureRecognizer/UIGestureRecognizer+Extra/UIGestureRecognizer+Extra.m	45	205	calls
method	FMBannerAdsModel::byAlpha	JobsByPods/JobsModelDSL@Pods/Core/FMBannerAdsModel/FMBannerAdsModel+DSL/FMBannerAdsModel+DSL.m	1118	192	calls
method	UIView::addOn	JobsByPods/JobsNavigationTransitionMgr@Pods/Support/UIKit/UIView/UIView+Extra/UIView+Extra.m	807	166	calls
method	ASDisplayNode::byFrame	JobsByPods/JobsOCDSL@Pods/Core/3rd/Texture+DSL/ASDisplayNode/ASDisplayNode+DSL/ASDisplayNode+DSL.m	20	139	calls
function	Prop_strong	JobsByPods/JobsMenuView@Pods/Core/JobsMenuView/JobsMenuView.h	50	131	calls
method	MASConstraint::offset	JobsByPods/ManualByOCPods@Pods/TABAnimated/TABAnimatedDemo/TABAnimatedDemo/Third/Masonry/MASConstraint.m	116	123	calls
method	NSMutableArray::add	JobsByPods/BRPickerViewExtra@Pods/Support/UIKit/NSMutableArray/NSMutableArray+Extra/NSMutableArray+Extra.m	12	121	calls
method	ASDisplayNode::byBgColor	JobsByPods/JobsOCDSL@Pods/Core/3rd/Texture+DSL/ASDisplayNode/ASDisplayNode+DSL/ASDisplayNode+DSL.m	29	115	calls
method	JobsTextView::byFont	JobsByPods/JobsBaseUI@Pods/Core/UIBaseTextView/JobsTextView/JobsTextView.m	74	114	calls
function	jobsMakeTextView::jobsMakeMutArr	JobsByPods/JobsMakes@Pods/JobsMakes.h	802	112	calls
method	UIView::byAdd	JobsByPods/JobsOCDSL@Pods/Core/3rd/Masonry+DSL/UIView/UIView+MasonryDSL/UIView+MasonryDSL.m	80	109	calls
method	JobsAnimationLabel::byTextCor	JobsByPods/JobsBaseUI@Pods/Core/UIBaseLabel/JobsAnimationLabel/JobsAnimationLabel.m	36	108	calls
function	isValue	JobsByPods/JobsStringUtils@Pods/Core/JobsStringUtils/JobsStringUtils.m	48	102	calls
function	KindOfScrollViewCls	JobsByPods/JobsOCDefs@Pods/Core/MacroDef_Sys/MacroDef_SDK/MacroDef_SDK.h	92	95	calls
variable	objBlock	JobsByPods/JobsBlock@Pods/Core/Tools/NSObject+CallBackInfoByBlock/NSObject+CallBackInfoByBlock.h	44	95	calls
method	NSMutableArray::add	JobsByPods/JobsAPIs@Pods/Support/UIKit/NSMutableArray/NSMutableArray+Extra/NSMutableArray+Extra.m	12	90	calls
method	UIBezierPath::add	JobsByPods/GKCustomNavigationBarExtra@Pods/Support/UIKit/UIBezierPath/UIBezierPath+Extra/UIBezierPath+Extra.m	58	83	calls
function	jobsMakeViewModel	"JobsByPods/JobsModel@Pods/Core/UIKit数据束/UIViewModel/UIViewModel.h"	57	82	calls
function	isNull	JobsByPods/JobsStringUtils@Pods/Core/JobsStringUtils/JobsStringUtils.m	32	81	calls
method	NSObject::feedbackGenerator	JobsByPods/GKCustomNavigationBarExtra@Pods/Support/UIKit/NSObject/NSObject+Extra/NSObject+Extra.m	12	80	calls
method	ASDisplayNode::byHidden	JobsByPods/JobsOCDSL@Pods/Core/3rd/Texture+DSL/ASDisplayNode/ASDisplayNode+DSL/ASDisplayNode+DSL.m	47	78	calls
method	UICollectionViewLayoutAttributes::byTransform	JobsByPods/JobsOCDSL@Pods/Core/AutoSupplement/JobsSystemAPIDSLSupplement/JobsSystemAPIDSLSupplement.m	479	78	calls
method	MASConstraint::mas_equalTo	JobsByPods/ManualByOCPods@Pods/TABAnimated/TABAnimatedDemo/TABAnimatedDemo/Third/Masonry/MASConstraint.m	33	69	calls
function	JobsAppDoorImageNamed	"JobsByPods/JobsAppDoor@Pods/Core/登录注册模块公共件/Resource/JobsAppDoorResource/JobsAppDoorResource.m"	36	66	calls
method	JobsBitsMonitorSuspendLab::byText	JobsByPods/JobsBitsMonitor@Pods/Core/JobsBitsMonitorSuspendLab/JobsBitsMonitorSuspendLab.m	160	64	calls
function	jobsMakeTextView::jobsMakeMutDic	JobsByPods/JobsMakes@Pods/JobsMakes.h	809	58	calls
method	UITextView::byUserInteractionEnabled	JobsByPods/JobsByOCPods@Pods/Core/UIKit/UITextView/UITextView+Extra/UITextView+Extra.m	109	52	calls
method	NSMutableArray::add	JobsByPods/JobsByOCPods@Pods/Core/UIKit/NSMutableArray/NSMutableArray+Extra/NSMutableArray+Extra.m	25	49	calls
function	UIFontWeightRegularSize	JobsByPods/JobsOCDefs@Pods/Core/MacroDef_Others/MacroDef_Font/MacroDef_Font.h	35	49	calls
method	NSString::add	JobsByPods/GKCustomNavigationBarExtra@Pods/Support/UIKit/NSString/NSString+Replace/NSString+Replace.m	37	48	calls
method	UILabel::byNumberOfLines	JobsByPods/JobsOCDSL@Pods/Core/UIKit/UILabel+DSLs/UILabel+DSL/UILabel+DSL.m	260	48	calls
function	jobsMakeTextView::jobsMakeLabel	JobsByPods/JobsMakes@Pods/JobsMakes.h	441	48	calls
method	JXCategoryTimelineView::byTitleFont	JobsByPods/JXCategoryViewExtra@Pods/Core/JXCategoryTimelineViews/JXCategoryTimelineView/JXCategoryTimelineView.m	19	46	calls
function	JobsSafeWidth::jobsZeroSizeValue	JobsByPods/JobsOCDefs@Pods/Core/MacroDef_Others/MacroDef_Size/MacroDef_Size.h	521	46	calls
function	jobsMakeButtonModel	"JobsByPods/JobsModel@Pods/Core/UIKit数据束/UIButtonModel/UIButtonModel.h"	91	45	calls
method	NSString::byTrimmingCharactersInSet	JobsByPods/GKCustomNavigationBarExtra@Pods/Support/UIKit/NSString/NSString+Sys/NSString+Sys.m	82	41	calls
function	toStringByInt	JobsByPods/JobsStringUtils@Pods/Core/JobsStringUtils/JobsStringUtils.m	82	39	calls
method	FMBannerAdsModel::byTitleCor	JobsByPods/JobsModelDSL@Pods/Core/FMBannerAdsModel/FMBannerAdsModel+DSL/FMBannerAdsModel+DSL.m	1478	38	calls
method	UIButton::jobsInit	JobsByPods/GKCustomNavigationBarExtra@Pods/Support/UIKit/UIButton/UIButton+SimplyMake/UIButton+SimplyMake.m	307	38	calls
function	JobsMainScreen_WIDTH	JobsByPods/JobsOCDefs@Pods/Core/MacroDef_Others/MacroDef_Size/MacroDef_Size.h	304	37	calls
function	jobsMakeParagraphStyle	"JobsByPods/JobsModel@Pods/Core/富文本处理/JobsRichTextConfig/JobsRichTextConfig.h"	25	37	calls
function	JobsAttributedStringByAttributes	JobsByPods/JobsMakes@Pods/JobsMakes.h	37	36	calls
method	FMBannerAdsModel::byMasksToBounds	JobsByPods/JobsModelDSL@Pods/Core/FMBannerAdsModel/FMBannerAdsModel+DSL/FMBannerAdsModel+DSL.m	308	34	calls
function	JobsBlockClassMethodIMP	JobsByPods/JobsBlock@Pods/JobsBlockDef.h	20	33	calls
method	NSMutableParagraphStyle::byAlignment	JobsByPods/JobsOCDSL@Pods/Core/UIKit/NSMutableParagraphStyle+DSLs/NSMutableParagraphStyle+DSL/NSMutableParagraphStyle+DSL.m	132	33	calls
method	UIButton::onClickBy	JobsByPods/GKCustomNavigationBarExtra@Pods/Support/UIKit/UIButton/UIButton+SimplyMake/UIButton+SimplyMake.m	449	33	calls
function	toStringByID	JobsByPods/JobsStringUtils@Pods/Core/JobsStringUtils/JobsStringUtils.m	78	33	calls
method	UIBackgroundConfiguration::byCornerRadius	JobsByPods/GKCustomNavigationBarExtra@Pods/Support/UIKit/UIBackgroundConfiguration/UIBackgroundConfiguration+Extra/UIBackgroundConfiguration+Extra.m	20	32	calls
method	UIButton::jobsResetBtnImage	JobsByPods/GKCustomNavigationBarExtra@Pods/Support/UIKit/UIButton/UIButton+UI/UIButton+UI.m	437	32	calls
method	BaseTextView::byPlaceholder	JobsByPods/JobsBaseUI@Pods/Core/UIBaseTextView/BaseTextView/BaseTextView.m	23	31	calls
method	NSMutableArray::add	JobsByPods/JobsBaseUI@Pods/Support/UIKit/NSMutableArray/NSMutableArray+Extra/NSMutableArray+Extra.m	12	31	calls
method	NSString::initByUTF8Data	JobsByPods/GKCustomNavigationBarExtra@Pods/Support/UIKit/NSString/NSString+Conversion/NSString+Conversion.m	13	30	calls
method	UIBezierPath::moveTo	JobsByPods/GKCustomNavigationBarExtra@Pods/Support/UIKit/UIBezierPath/UIBezierPath+Extra/UIBezierPath+Extra.m	66	29	calls
method	UIButton::jobsResetBtnTitle	JobsByPods/GKCustomNavigationBarExtra@Pods/Support/UIKit/UIButton/UIButton+UI/UIButton+UI.m	351	29	calls
function	jobsMakeImageView	JobsByPods/JobsMakes@Pods/JobsMakes.h	379	29	calls
method	UIButton::bgColorBy	JobsByPods/GKCustomNavigationBarExtra@Pods/Support/UIKit/UIButton/UIButton+SimplyMake/UIButton+SimplyMake.m	501	28	calls
method	UICollectionViewLayoutAttributes::byFrame	JobsByPods/JobsOCDSL@Pods/Core/AutoSupplement/JobsSystemAPIDSLSupplement/JobsSystemAPIDSLSupplement.m	470	27	calls
method	UIGestureRecognizer::byEnabled	JobsByPods/FDFullscreenPopGesture@Pods/Core/UINavigationController+FDFullscreenPopGesture/UINavigationController+FDFullscreenPopGesture.m	30	27	calls
method	UIView::addSubview	JobsByPods/JobsBasePopupView@Pods/Support/UIKit/UIView/UIView+Extra/UIView+Extra.m	11	27	calls
function	JobsMutableString	JobsByPods/JobsStringUtils@Pods/Core/JobsStringUtils/JobsStringUtils.m	18	26	calls
method	NSObject::byViewModel	JobsByPods/JobsBaseUI@Pods/Support/UIKit/NSObject/NSObject+Extra/NSObject+Extra.m	381	26	calls
method	UICollectionViewCell::bySelected	JobsByPods/JobsByOCPods@Pods/Core/UIKit/UICollectionViewCell/UICollectionViewCell+BaseViewProtocol/UICollectionViewCell+BaseViewProtocol.m	21	26	calls
function	UIFontWeightMediumSize	JobsByPods/JobsOCDefs@Pods/Core/MacroDef_Others/MacroDef_Font/MacroDef_Font.h	39	26	calls
method	FMBannerAdsModel::byLineBreakMode	JobsByPods/JobsModelDSL@Pods/Core/FMBannerAdsModel/FMBannerAdsModel+DSL/FMBannerAdsModel+DSL.m	893	25	calls
method	UIButton::jobsResetBtnTitleCor	JobsByPods/GKCustomNavigationBarExtra@Pods/Support/UIKit/UIButton/UIButton+UI/UIButton+UI.m	362	25	calls
method	UITextView::byFont	JobsByPods/JobsByOCPods@Pods/Core/UIKit/UITextView/UITextView+Extra/UITextView+Extra.m	100	25	calls
method	UITextView::byTextAlignment	JobsByPods/GKCustomNavigationBarExtra@Pods/Support/UIKit/UITextView/UITextView+Extra/UITextView+Extra.m	33	25	calls
method	UIViewModel::byImage	JobsByPods/JobsModelDSL@Pods/Core/UIViewModel/UIViewModel+DSL/UIViewModel+DSL.m	497	25	calls
variable	block	JobsByPods/JobsByOCPods@Pods/Core/UIKit/NSObject/NSObject+Queue/NSObject+Queue.h	37	25	calls
method	UIButton::JobsUpdateButtonConfiguration	JobsByPods/JobsBaseUI@Pods/Support/UIKit/UIButton/UIButton+UIButtonConfiguration/UIButton+UIButtonConfiguration.m	55	24	calls
method	UIButton::JobsUpdateButtonConfiguration	JobsByPods/JobsCustomView@Pods/Support/UIKit/UIButton/UIButton+UIButtonConfiguration/UIButton+UIButtonConfiguration.m	55	24	calls
method	UIButton::JobsUpdateButtonConfiguration	JobsByPods/JobsByOCPods@Pods/Core/UIKit/UIButton/UIButton+UIButtonConfiguration/UIButton+UIButtonConfiguration.m	55	24	calls
method	UIButton::JobsUpdateButtonConfiguration	JobsByPods/JobsBasePopupView@Pods/Support/UIKit/UIButton/UIButton+UIButtonConfiguration/UIButton+UIButtonConfiguration.m	55	24	calls
method	UIButton::JobsUpdateButtonConfiguration	JobsByPods/JobsLinkageMenuView@Pods/Support/UIKit/UIButton/UIButton+UIButtonConfiguration/UIButton+UIButtonConfiguration.m	55	24	calls
method	UIButton::JobsUpdateButtonConfiguration	JobsByPods/GKCustomNavigationBarExtra@Pods/Support/UIKit/UIButton/UIButton+UIButtonConfiguration/UIButton+UIButtonConfiguration.m	55	24	calls
method	UIBackgroundConfiguration::byImage	JobsByPods/GKCustomNavigationBarExtra@Pods/Support/UIKit/UIBackgroundConfiguration/UIBackgroundConfiguration+Extra/UIBackgroundConfiguration+Extra.m	65	23	calls
